trade_date,close_im0,close_im1,close_im2,close_im3,price_spread_im0_im1,price_spread_im0_im2,price_spread_im0_im3,price_spread_im1_im2,price_spread_im1_im3,price_spread_im2_im3
2025-05-30,5966.0,5877.2,5719.8,5551.2,88.80000000000018,246.19999999999982,414.8000000000002,157.39999999999964,326.0,168.60000000000036
2025-05-29,6031.0,5941.8,5785.2,5618.0,89.19999999999982,245.80000000000018,413.0,156.60000000000036,323.8000000000002,167.19999999999982
2025-05-28,5899.0,5809.2,5655.0,5481.2,89.80000000000018,244.0,417.8000000000002,154.19999999999982,328.0,173.80000000000018
2025-05-27,5915.0,5823.4,5666.8,5487.0,91.60000000000036,248.19999999999982,428.0,156.59999999999945,336.39999999999964,179.80000000000018
2025-05-26,5925.0,5833.4,5669.8,5495.0,91.60000000000036,255.19999999999982,430.0,163.59999999999945,338.39999999999964,174.80000000000018
2025-05-23,5872.0,5780.0,5633.8,5468.2,92.0,238.19999999999982,403.8000000000002,146.19999999999982,311.8000000000002,165.60000000000036
2025-05-22,5950.0,5859.4,5708.2,5541.6,90.60000000000036,241.80000000000018,408.39999999999964,151.19999999999982,317.7999999999993,166.59999999999945
2025-05-21,6000.6,5909.4,5758.0,5591.0,91.20000000000073,242.60000000000036,409.60000000000036,151.39999999999964,318.39999999999964,167.0
2025-05-20,6019.4,5926.0,5776.4,5607.6,93.39999999999964,243.0,411.7999999999993,149.60000000000036,318.39999999999964,168.79999999999927
2025-05-19,5975.4,5892.0,5749.0,5589.0,83.39999999999964,226.39999999999964,386.39999999999964,143.0,303.0,160.0
2025-05-16,6081.4,5933.8,5730.0,5580.2,147.59999999999945,351.39999999999964,501.1999999999998,203.80000000000018,353.60000000000036,149.80000000000018
2025-05-15,6058.2,5949.0,5750.8,5604.6,109.19999999999982,307.39999999999964,453.59999999999945,198.19999999999982,344.39999999999964,146.19999999999982
2025-05-14,6156.6,6043.0,5847.0,5702.0,113.60000000000036,309.60000000000036,454.60000000000036,196.0,341.0,145.0
2025-05-13,6126.8,5996.6,5802.2,5660.0,130.19999999999982,324.60000000000036,466.8000000000002,194.40000000000055,336.60000000000036,142.19999999999982
2025-05-12,6151.6,6037.0,5843.4,5702.2,114.60000000000036,308.2000000000007,449.40000000000055,193.60000000000036,334.8000000000002,141.19999999999982
2025-05-09,6056.2,5945.2,5759.6,5620.8,111.0,296.59999999999945,435.39999999999964,185.59999999999945,324.39999999999964,138.80000000000018
2025-05-08,6127.6,6018.8,5830.0,5692.2,108.80000000000018,297.60000000000036,435.40000000000055,188.80000000000018,326.60000000000036,137.80000000000018
2025-05-07,6065.2,5955.2,5774.0,5640.0,110.0,291.1999999999998,425.1999999999998,181.19999999999982,315.1999999999998,134.0
2025-05-06,6059.6,5953.2,5774.0,5640.0,106.40000000000055,285.60000000000036,419.60000000000036,179.19999999999982,313.1999999999998,134.0
2025-04-30,5905.4,5801.4,5627.6,5500.6,104.0,277.7999999999993,404.7999999999993,173.79999999999927,300.7999999999993,127.0
2025-04-29,5868.0,5773.6,5610.0,5478.2,94.39999999999964,258.0,389.8000000000002,163.60000000000036,295.40000000000055,131.80000000000018
2025-04-28,5828.2,5729.0,5571.4,5445.8,99.19999999999982,256.8000000000002,382.39999999999964,157.60000000000036,283.1999999999998,125.59999999999945
2025-04-25,5885.0,5786.6,5624.8,5500.0,98.39999999999964,260.1999999999998,385.0,161.80000000000018,286.60000000000036,124.80000000000018
2025-04-24,5866.0,5767.4,5604.0,5474.2,98.60000000000036,262.0,391.8000000000002,163.39999999999964,293.1999999999998,129.80000000000018
2025-04-23,5915.8,5820.0,5652.2,5525.0,95.80000000000018,263.60000000000036,390.8000000000002,167.80000000000018,295.0,127.19999999999982
2025-04-22,5870.0,5769.6,5599.6,5465.6,100.39999999999964,270.39999999999964,404.39999999999964,170.0,304.0,134.0
2025-04-21,5867.4,5770.0,5601.2,5470.6,97.39999999999964,266.1999999999998,396.7999999999993,168.80000000000018,299.39999999999964,130.59999999999945
2025-04-18,5826.4,5738.2,5642.0,5477.0,88.19999999999982,184.39999999999964,349.39999999999964,96.19999999999982,261.1999999999998,165.0
2025-04-17,5845.8,5749.8,5653.8,5488.0,96.0,192.0,357.8000000000002,96.0,261.8000000000002,165.80000000000018
2025-04-16,5819.8,5713.8,5603.0,5434.4,106.0,216.80000000000018,385.40000000000055,110.80000000000018,279.40000000000055,168.60000000000036
2025-04-15,5888.0,5793.0,5680.4,5508.8,95.0,207.60000000000036,379.1999999999998,112.60000000000036,284.1999999999998,171.59999999999945
2025-04-14,5879.8,5794.0,5693.0,5522.8,85.80000000000018,186.80000000000018,357.0,101.0,271.1999999999998,170.19999999999982
2025-04-11,5835.0,5763.2,5672.2,5511.0,71.80000000000018,162.80000000000018,324.0,91.0,252.19999999999982,161.19999999999982
2025-04-10,5744.8,5666.2,5578.2,5419.0,78.60000000000036,166.60000000000036,325.8000000000002,88.0,247.19999999999982,159.19999999999982
2025-04-09,5594.2,5514.0,5429.6,5274.4,80.19999999999982,164.59999999999945,319.8000000000002,84.39999999999964,239.60000000000036,155.20000000000073
2025-04-08,5462.4,5394.0,5313.6,5157.4,68.39999999999964,148.79999999999927,305.0,80.39999999999964,236.60000000000036,156.20000000000073
2025-04-07,5554.0,5496.8,5432.6,5277.6,57.19999999999982,121.39999999999964,276.39999999999964,64.19999999999982,219.19999999999982,155.0
2025-04-03,6168.4,6106.8,6031.8,5862.6,61.599999999999454,136.59999999999945,305.7999999999993,75.0,244.19999999999982,169.19999999999982
2025-04-02,6239.0,6174.6,6100.0,5928.6,64.39999999999964,139.0,310.39999999999964,74.60000000000036,246.0,171.39999999999964
2025-04-01,6204.0,6143.0,6064.2,5891.0,61.0,139.80000000000018,313.0,78.80000000000018,252.0,173.19999999999982
2025-03-31,6184.0,6126.2,6049.0,5878.2,57.80000000000018,135.0,305.8000000000002,77.19999999999982,248.0,170.80000000000018
2025-03-28,6212.6,6162.0,6078.4,5915.0,50.600000000000364,134.20000000000073,297.60000000000036,83.60000000000036,247.0,163.39999999999964
2025-03-27,6281.4,6223.2,6143.4,5977.2,58.19999999999982,138.0,304.1999999999998,79.80000000000018,246.0,166.19999999999982
2025-03-26,6261.8,6205.4,6129.4,5967.6,56.400000000000546,132.40000000000055,294.1999999999998,76.0,237.79999999999927,161.79999999999927
2025-03-25,6250.8,6192.6,6115.6,5953.0,58.19999999999982,135.19999999999982,297.8000000000002,77.0,239.60000000000036,162.60000000000036
2025-03-24,6280.0,6224.2,6142.8,5978.0,55.80000000000018,137.19999999999982,302.0,81.39999999999964,246.19999999999982,164.80000000000018
2025-03-21,6414.2,6318.2,6177.4,6010.8,96.0,236.80000000000018,403.39999999999964,140.80000000000018,307.39999999999964,166.59999999999945
2025-03-20,6534.2,6452.4,6307.2,6138.0,81.80000000000018,227.0,396.1999999999998,145.19999999999982,314.39999999999964,169.19999999999982
2025-03-19,6550.0,6479.4,6339.2,6165.0,70.60000000000036,210.80000000000018,385.0,140.19999999999982,314.39999999999964,174.19999999999982
2025-03-18,6577.0,6505.2,6369.4,6195.8,71.80000000000018,207.60000000000036,381.1999999999998,135.80000000000018,309.39999999999964,173.59999999999945
2025-03-17,6543.4,6471.6,6337.6,6166.4,71.79999999999927,205.79999999999927,377.0,134.0,305.2000000000007,171.20000000000073
2025-03-14,6562.8,6501.0,6368.2,6210.0,61.80000000000018,194.60000000000036,352.8000000000002,132.80000000000018,291.0,158.19999999999982
2025-03-13,6426.0,6355.0,6210.8,6050.4,71.0,215.19999999999982,375.60000000000036,144.19999999999982,304.60000000000036,160.40000000000055
2025-03-12,6513.8,6433.4,6284.0,6116.0,80.40000000000055,229.80000000000018,397.8000000000002,149.39999999999964,317.39999999999964,168.0
2025-03-11,6490.0,6415.0,6269.4,6102.4,75.0,220.60000000000036,387.60000000000036,145.60000000000036,312.60000000000036,167.0
2025-03-10,6427.4,6362.8,6220.8,6055.0,64.59999999999945,206.59999999999945,372.39999999999964,142.0,307.8000000000002,165.80000000000018
2025-03-07,6452.8,6395.0,6254.8,6091.8,57.80000000000018,198.0,361.0,140.19999999999982,303.1999999999998,163.0
2025-03-06,6475.8,6420.6,6287.8,6130.0,55.19999999999982,188.0,345.8000000000002,132.80000000000018,290.60000000000036,157.80000000000018
2025-03-05,6313.0,6259.8,6129.6,5976.6,53.19999999999982,183.39999999999964,336.39999999999964,130.19999999999982,283.1999999999998,153.0
2025-03-04,6279.2,6227.0,6107.2,5958.6,52.19999999999982,172.0,320.59999999999945,119.80000000000018,268.39999999999964,148.59999999999945
2025-03-03,6215.4,6168.8,6049.0,5906.0,46.599999999999454,166.39999999999964,309.39999999999964,119.80000000000018,262.8000000000002,143.0
2025-02-28,6230.4,6179.6,6060.0,5917.0,50.79999999999927,170.39999999999964,313.39999999999964,119.60000000000036,262.60000000000036,143.0
2025-02-27,6415.0,6361.8,6238.6,6093.0,53.19999999999982,176.39999999999964,322.0,123.19999999999982,268.8000000000002,145.60000000000036
2025-02-26,6420.8,6366.6,6248.2,6093.6,54.19999999999982,172.60000000000036,327.1999999999998,118.40000000000055,273.0,154.59999999999945
2025-02-25,6355.4,6310.6,6195.8,6054.0,44.79999999999927,159.59999999999945,301.39999999999964,114.80000000000018,256.60000000000036,141.80000000000018
2025-02-24,6366.6,6319.8,6215.6,6080.8,46.80000000000018,151.0,285.8000000000002,104.19999999999982,239.0,134.80000000000018
2025-02-21,6442.0,6399.0,6253.6,6120.0,43.0,188.39999999999964,322.0,145.39999999999964,279.0,133.60000000000036
2025-02-20,6310.0,6254.4,6113.4,5983.0,55.600000000000364,196.60000000000036,327.0,141.0,271.39999999999964,130.39999999999964
2025-02-19,6279.8,6240.0,6101.6,5967.8,39.80000000000018,178.19999999999982,312.0,138.39999999999964,272.1999999999998,133.80000000000018
2025-02-18,6151.6,6110.2,5973.4,5843.4,41.400000000000546,178.20000000000073,308.2000000000007,136.80000000000018,266.8000000000002,130.0
2025-02-17,6262.8,6219.2,6081.6,5949.0,43.600000000000364,181.19999999999982,313.8000000000002,137.59999999999945,270.1999999999998,132.60000000000036
2025-02-14,6240.2,6205.2,6071.8,5944.6,35.0,168.39999999999964,295.59999999999945,133.39999999999964,260.59999999999945,127.19999999999982
2025-02-13,6215.6,6175.0,6045.8,5918.2,40.600000000000364,169.80000000000018,297.40000000000055,129.19999999999982,256.8000000000002,127.60000000000036
2025-02-12,6268.0,6223.0,6096.0,5970.0,45.0,172.0,298.0,127.0,253.0,126.0
2025-02-11,6179.8,6133.2,6005.6,5888.8,46.600000000000364,174.19999999999982,291.0,127.59999999999945,244.39999999999964,116.80000000000018
2025-02-10,6181.8,6143.6,6017.2,5900.0,38.19999999999982,164.60000000000036,281.8000000000002,126.40000000000055,243.60000000000036,117.19999999999982
2025-02-07,6127.8,6095.4,5971.8,5853.0,32.400000000000546,156.0,274.8000000000002,123.59999999999945,242.39999999999964,118.80000000000018
2025-02-06,6024.0,5988.6,5864.6,5748.0,35.399999999999636,159.39999999999964,276.0,124.0,240.60000000000036,116.60000000000036
2025-02-05,5866.0,5832.2,5712.0,5597.0,33.80000000000018,154.0,269.0,120.19999999999982,235.19999999999982,115.0
2025-01-27,5825.8,5790.6,5676.2,5563.2,35.19999999999982,149.60000000000036,262.60000000000036,114.40000000000055,227.40000000000055,113.0
2025-01-24,5945.0,5920.0,5795.4,5681.0,25.0,149.60000000000036,264.0,124.60000000000036,239.0,114.39999999999964
2025-01-23,5809.0,5776.2,5657.0,5540.8,32.80000000000018,152.0,268.1999999999998,119.19999999999982,235.39999999999964,116.19999999999982
2025-01-22,5843.0,5806.6,5685.0,5577.8,36.399999999999636,158.0,265.1999999999998,121.60000000000036,228.80000000000018,107.19999999999982
2025-01-21,5881.6,5845.6,5721.0,5610.8,36.0,160.60000000000036,270.8000000000002,124.60000000000036,234.80000000000018,110.19999999999982
2025-01-20,5848.6,5816.4,5695.6,5579.8,32.20000000000073,153.0,268.8000000000002,120.79999999999927,236.59999999999945,115.80000000000018
2025-01-17,5851.8,5811.8,5778.0,5655.4,40.0,73.80000000000018,196.40000000000055,33.80000000000018,156.40000000000055,122.60000000000036
2025-01-16,5797.0,5753.0,5720.4,5595.8,44.0,76.60000000000036,201.19999999999982,32.600000000000364,157.19999999999982,124.59999999999945
2025-01-15,5775.4,5737.0,5702.4,5578.0,38.399999999999636,73.0,197.39999999999964,34.600000000000364,159.0,124.39999999999964
2025-01-14,5819.0,5784.0,5747.6,5624.6,35.0,71.39999999999964,194.39999999999964,36.399999999999636,159.39999999999964,123.0
2025-01-13,5557.6,5516.0,5480.8,5362.8,41.600000000000364,76.80000000000018,194.80000000000018,35.19999999999982,153.19999999999982,118.0
2025-01-10,5530.4,5491.4,5456.0,5333.2,39.0,74.39999999999964,197.19999999999982,35.399999999999636,158.19999999999982,122.80000000000018
2025-01-09,5640.2,5602.0,5561.2,5438.4,38.19999999999982,79.0,201.80000000000018,40.80000000000018,163.60000000000036,122.80000000000018
2025-01-08,5639.6,5602.8,5565.4,5442.0,36.80000000000018,74.20000000000073,197.60000000000036,37.400000000000546,160.80000000000018,123.39999999999964
2025-01-07,5672.8,5635.0,5599.0,5474.6,37.80000000000018,73.80000000000018,198.19999999999982,36.0,160.39999999999964,124.39999999999964
2025-01-06,5597.2,5562.8,5527.2,5404.6,34.399999999999636,70.0,192.59999999999945,35.600000000000364,158.19999999999982,122.59999999999945
2025-01-03,5625.0,5590.0,5553.4,5433.2,35.0,71.60000000000036,191.80000000000018,36.600000000000364,156.80000000000018,120.19999999999982
2025-01-02,5778.0,5740.8,5699.4,5570.2,37.19999999999982,78.60000000000036,207.80000000000018,41.400000000000546,170.60000000000036,129.19999999999982
2024-12-31,5926.4,5886.4,5848.6,5722.8,40.0,77.79999999999927,203.59999999999945,37.79999999999927,163.59999999999945,125.80000000000018
2024-12-30,6133.6,6095.8,6057.8,5926.6,37.80000000000018,75.80000000000018,207.0,38.0,169.19999999999982,131.19999999999982
2024-12-27,6143.6,6108.0,6067.4,5936.2,35.600000000000364,76.20000000000073,207.40000000000055,40.600000000000364,171.80000000000018,131.19999999999982
2024-12-26,6131.0,6094.4,6052.8,5923.2,36.600000000000364,78.19999999999982,207.80000000000018,41.599999999999454,171.19999999999982,129.60000000000036
2024-12-25,6080.0,6041.2,6001.8,5871.4,38.80000000000018,78.19999999999982,208.60000000000036,39.399999999999636,169.80000000000018,130.40000000000055
2024-12-24,6130.2,6091.2,6053.4,5919.2,39.0,76.80000000000018,211.0,37.80000000000018,172.0,134.19999999999982
2024-12-23,6063.0,6027.4,5987.0,5853.2,35.600000000000364,76.0,209.80000000000018,40.399999999999636,174.19999999999982,133.80000000000018
2024-12-20,6278.4,6226.2,6141.2,6005.8,52.19999999999982,137.19999999999982,272.59999999999945,85.0,220.39999999999964,135.39999999999964
2024-12-19,6218.0,6180.6,6096.8,5963.0,37.399999999999636,121.19999999999982,255.0,83.80000000000018,217.60000000000036,133.80000000000018
2024-12-18,6189.8,6151.0,6066.6,5931.0,38.80000000000018,123.19999999999982,258.8000000000002,84.39999999999964,220.0,135.60000000000036
2024-12-17,6143.6,6105.4,6022.0,5887.2,38.20000000000073,121.60000000000036,256.40000000000055,83.39999999999964,218.19999999999982,134.80000000000018
2024-12-16,6263.4,6227.0,6142.0,6000.4,36.399999999999636,121.39999999999964,263.0,85.0,226.60000000000036,141.60000000000036
2024-12-13,6359.0,6321.0,6236.2,6099.0,38.0,122.80000000000018,260.0,84.80000000000018,222.0,137.19999999999982
2024-12-12,6477.8,6444.8,6364.6,6230.2,33.0,113.19999999999982,247.60000000000036,80.19999999999982,214.60000000000036,134.40000000000055
2024-12-11,6430.2,6394.4,6317.8,6188.4,35.80000000000018,112.39999999999964,241.80000000000018,76.59999999999945,206.0,129.40000000000055
2024-12-10,6358.2,6317.8,6246.0,6117.0,40.399999999999636,112.19999999999982,241.19999999999982,71.80000000000018,200.80000000000018,129.0
2024-12-09,6264.0,6226.8,6147.4,6018.4,37.19999999999982,116.60000000000036,245.60000000000036,79.40000000000055,208.40000000000055,129.0
2024-12-06,6333.6,6293.6,6220.0,6090.0,40.0,113.60000000000036,243.60000000000036,73.60000000000036,203.60000000000036,130.0
2024-12-05,6255.6,6218.8,6138.8,6010.0,36.80000000000018,116.80000000000018,245.60000000000036,80.0,208.80000000000018,128.80000000000018
2024-12-04,6171.8,6135.4,6061.8,5937.2,36.400000000000546,110.0,234.60000000000036,73.59999999999945,198.19999999999982,124.60000000000036
2024-12-03,6265.4,6232.2,6156.0,6032.0,33.19999999999982,109.39999999999964,233.39999999999964,76.19999999999982,200.19999999999982,124.0
2024-12-02,6266.8,6232.4,6159.6,6030.8,34.400000000000546,107.19999999999982,236.0,72.79999999999927,201.59999999999945,128.80000000000018
2024-11-29,6156.0,6122.4,6049.0,5925.4,33.600000000000364,107.0,230.60000000000036,73.39999999999964,197.0,123.60000000000036
2024-11-28,6036.8,6004.0,5926.0,5797.0,32.80000000000018,110.80000000000018,239.80000000000018,78.0,207.0,129.0
2024-11-27,6086.8,6053.6,5979.8,5862.0,33.19999999999982,107.0,224.80000000000018,73.80000000000018,191.60000000000036,117.80000000000018
2024-11-26,5914.0,5877.4,5798.4,5674.8,36.600000000000364,115.60000000000036,239.19999999999982,79.0,202.59999999999945,123.59999999999945
2024-11-25,5992.8,5957.8,5876.8,5752.6,35.0,116.0,240.19999999999982,81.0,205.19999999999982,124.19999999999982
2024-11-22,5951.2,5916.6,5838.2,5707.4,34.599999999999454,113.0,243.80000000000018,78.40000000000055,209.20000000000073,130.80000000000018
2024-11-21,6187.2,6155.0,6079.0,5963.2,32.19999999999982,108.19999999999982,224.0,76.0,191.80000000000018,115.80000000000018
2024-11-20,6190.8,6159.2,6084.8,5972.6,31.600000000000364,106.0,218.19999999999982,74.39999999999964,186.59999999999945,112.19999999999982
2024-11-19,6093.0,6068.0,5995.8,5890.0,25.0,97.19999999999982,203.0,72.19999999999982,178.0,105.80000000000018
2024-11-18,5954.2,5928.8,5855.0,5748.8,25.399999999999636,99.19999999999982,205.39999999999964,73.80000000000018,180.0,106.19999999999982
2024-11-15,6215.6,6103.0,6002.6,5895.8,112.60000000000036,213.0,319.8000000000002,100.39999999999964,207.19999999999982,106.80000000000018
2024-11-14,6279.0,6239.6,6136.8,6022.0,39.399999999999636,142.19999999999982,257.0,102.80000000000018,217.60000000000036,114.80000000000018
2024-11-13,6445.4,6397.4,6293.2,6188.0,48.0,152.19999999999982,257.39999999999964,104.19999999999982,209.39999999999964,105.19999999999982
2024-11-12,6456.0,6407.8,6302.0,6199.0,48.19999999999982,154.0,257.0,105.80000000000018,208.80000000000018,103.0
2024-11-11,6525.6,6490.4,6390.0,6280.0,35.20000000000073,135.60000000000036,245.60000000000036,100.39999999999964,210.39999999999964,110.0
2024-11-08,6408.6,6381.8,6289.6,6184.0,26.800000000000182,119.0,224.60000000000036,92.19999999999982,197.80000000000018,105.60000000000036
2024-11-07,6408.0,6389.0,6297.0,6194.6,19.0,111.0,213.39999999999964,92.0,194.39999999999964,102.39999999999964
2024-11-06,6293.8,6268.2,6179.8,6072.2,25.600000000000364,114.0,221.60000000000036,88.39999999999964,196.0,107.60000000000036
2024-11-05,6283.4,6261.4,6173.6,6073.0,22.0,109.79999999999927,210.39999999999964,87.79999999999927,188.39999999999964,100.60000000000036
2024-11-04,6065.4,6035.8,5956.0,5852.2,29.599999999999454,109.39999999999964,213.19999999999982,79.80000000000018,183.60000000000036,103.80000000000018
2024-11-01,5917.8,5890.0,5809.0,5713.0,27.800000000000182,108.80000000000018,204.80000000000018,81.0,177.0,96.0
2024-10-31,6095.4,6063.6,5979.0,5880.0,31.799999999999272,116.39999999999964,215.39999999999964,84.60000000000036,183.60000000000036,99.0
2024-10-30,6006.0,5975.0,5894.8,5800.0,31.0,111.19999999999982,206.0,80.19999999999982,175.0,94.80000000000018
2024-10-29,5977.8,5951.0,5876.6,5780.0,26.800000000000182,101.19999999999982,197.80000000000018,74.39999999999964,171.0,96.60000000000036
2024-10-28,6069.2,6044.0,5976.6,5881.2,25.199999999999818,92.59999999999945,188.0,67.39999999999964,162.80000000000018,95.40000000000055
2024-10-25,5996.0,5979.4,5910.8,5812.8,16.600000000000364,85.19999999999982,183.19999999999982,68.59999999999945,166.59999999999945,98.0
2024-10-24,5859.0,5832.0,5763.0,5666.8,27.0,96.0,192.19999999999982,69.0,165.19999999999982,96.19999999999982
2024-10-23,5891.2,5866.2,5797.0,5700.6,25.0,94.19999999999982,190.59999999999945,69.19999999999982,165.59999999999945,96.39999999999964
2024-10-22,5873.8,5850.6,5777.8,5681.0,23.199999999999818,96.0,192.80000000000018,72.80000000000018,169.60000000000036,96.80000000000018
2024-10-21,5840.0,5822.6,5746.0,5660.2,17.399999999999636,94.0,179.80000000000018,76.60000000000036,162.40000000000055,85.80000000000018
2024-10-18,5751.0,5732.8,5728.0,5640.2,18.199999999999818,23.0,110.80000000000018,4.800000000000182,92.60000000000036,87.80000000000018
2024-10-17,5490.0,5469.2,5434.0,5340.2,20.800000000000182,56.0,149.80000000000018,35.19999999999982,129.0,93.80000000000018
2024-10-16,5527.2,5501.4,5470.4,5386.6,25.800000000000182,56.80000000000018,140.59999999999945,31.0,114.79999999999927,83.79999999999927
2024-10-15,5481.4,5452.0,5411.0,5331.0,29.399999999999636,70.39999999999964,150.39999999999964,41.0,121.0,80.0
2024-10-14,5613.0,5597.8,5557.0,5482.4,15.199999999999818,56.0,130.60000000000036,40.80000000000018,115.40000000000055,74.60000000000036
2024-10-11,5423.0,5399.0,5379.0,5308.2,24.0,44.0,114.80000000000018,20.0,90.80000000000018,70.80000000000018
2024-10-10,5664.0,5648.0,5628.8,5559.0,16.0,35.19999999999982,105.0,19.199999999999818,89.0,69.80000000000018
2024-10-09,5749.8,5745.2,5715.8,5639.2,4.600000000000364,34.0,110.60000000000036,29.399999999999636,106.0,76.60000000000036
2024-10-08,6219.8,6207.6,6184.8,6120.0,12.199999999999818,35.0,99.80000000000018,22.800000000000182,87.60000000000036,64.80000000000018
2024-09-30,5813.4,5795.6,5769.6,5683.2,17.799999999999272,43.79999999999927,130.19999999999982,26.0,112.40000000000055,86.40000000000055
2024-09-27,5362.2,5320.4,5297.2,5206.6,41.80000000000018,65.0,155.59999999999945,23.199999999999818,113.79999999999927,90.59999999999945
2024-09-26,4937.4,4901.8,4882.4,4803.8,35.599999999999454,55.0,133.59999999999945,19.400000000000546,98.0,78.59999999999945
2024-09-25,4676.4,4648.4,4615.4,4525.6,28.0,61.0,150.79999999999927,33.0,122.79999999999927,89.79999999999927
2024-09-24,4653.2,4623.2,4586.0,4494.0,30.0,67.19999999999982,159.19999999999982,37.19999999999982,129.19999999999982,92.0
2024-09-23,4437.0,4401.8,4363.0,4265.4,35.19999999999982,74.0,171.60000000000036,38.80000000000018,136.40000000000055,97.60000000000036
2024-09-20,4447.8,4422.6,4347.2,4250.0,25.199999999999818,100.60000000000036,197.80000000000018,75.40000000000055,172.60000000000036,97.19999999999982
2024-09-19,4487.4,4454.0,4379.0,4281.8,33.399999999999636,108.39999999999964,205.59999999999945,75.0,172.19999999999982,97.19999999999982
2024-09-18,4405.0,4365.6,4290.6,4194.6,39.399999999999636,114.39999999999964,210.39999999999964,75.0,171.0,96.0
2024-09-13,4416.8,4380.0,4312.0,4220.6,36.80000000000018,104.80000000000018,196.19999999999982,68.0,159.39999999999964,91.39999999999964
2024-09-12,4468.4,4429.4,4359.6,4270.6,39.0,108.79999999999927,197.79999999999927,69.79999999999927,158.79999999999927,89.0
2024-09-11,4474.8,4436.0,4366.6,4278.0,38.80000000000018,108.19999999999982,196.80000000000018,69.39999999999964,158.0,88.60000000000036
2024-09-10,4473.6,4436.0,4369.0,4281.6,37.600000000000364,104.60000000000036,192.0,67.0,154.39999999999964,87.39999999999964
2024-09-09,4457.4,4420.8,4355.0,4267.0,36.599999999999454,102.39999999999964,190.39999999999964,65.80000000000018,153.80000000000018,88.0
2024-09-06,4497.2,4461.6,4393.2,4304.0,35.599999999999454,104.0,193.19999999999982,68.40000000000055,157.60000000000036,89.19999999999982
2024-09-05,4577.2,4543.0,4476.6,4391.6,34.19999999999982,100.59999999999945,185.59999999999945,66.39999999999964,151.39999999999964,85.0
2024-09-04,4536.2,4501.6,4433.0,4346.6,34.599999999999454,103.19999999999982,189.59999999999945,68.60000000000036,155.0,86.39999999999964
2024-09-03,4547.4,4513.8,4444.6,4358.2,33.599999999999454,102.79999999999927,189.19999999999982,69.19999999999982,155.60000000000036,86.40000000000055
2024-09-02,4515.6,4485.0,4418.8,4333.2,30.600000000000364,96.80000000000018,182.40000000000055,66.19999999999982,151.80000000000018,85.60000000000036
2024-08-30,4621.0,4590.4,4525.0,4441.8,30.600000000000364,96.0,179.19999999999982,65.39999999999964,148.59999999999945,83.19999999999982
2024-08-29,4527.4,4493.8,4432.8,4346.4,33.599999999999454,94.59999999999945,181.0,61.0,147.40000000000055,86.40000000000055
2024-08-28,4450.2,4416.6,4351.8,4265.8,33.599999999999454,98.39999999999964,184.39999999999964,64.80000000000018,150.80000000000018,86.0
2024-08-27,4442.2,4405.4,4344.2,4258.0,36.80000000000018,98.0,184.19999999999982,61.19999999999982,147.39999999999964,86.19999999999982
2024-08-26,4489.2,4455.0,4390.6,4307.8,34.19999999999982,98.59999999999945,181.39999999999964,64.39999999999964,147.19999999999982,82.80000000000018
2024-08-23,4475.0,4438.6,4376.6,4291.0,36.399999999999636,98.39999999999964,184.0,62.0,147.60000000000036,85.60000000000036
2024-08-22,4473.2,4436.2,4369.0,4281.0,37.0,104.19999999999982,192.19999999999982,67.19999999999982,155.19999999999982,88.0
2024-08-21,4522.0,4486.4,4419.0,4332.8,35.600000000000364,103.0,189.19999999999982,67.39999999999964,153.59999999999945,86.19999999999982
2024-08-20,4537.0,4501.0,4431.0,4344.0,36.0,106.0,193.0,70.0,157.0,87.0
2024-08-19,4622.8,4585.8,4517.8,4430.6,37.0,105.0,192.19999999999982,68.0,155.19999999999982,87.19999999999982
2024-08-16,4668.4,4606.2,4501.4,4412.8,62.19999999999982,167.0,255.59999999999945,104.80000000000018,193.39999999999964,88.59999999999945
2024-08-15,4679.6,4637.4,4529.6,4443.0,42.20000000000073,150.0,236.60000000000036,107.79999999999927,194.39999999999964,86.60000000000036
2024-08-14,4641.6,4590.6,4485.6,4400.2,51.0,156.0,241.40000000000055,105.0,190.40000000000055,85.40000000000055
2024-08-13,4689.8,4639.0,4539.4,4457.8,50.80000000000018,150.40000000000055,232.0,99.60000000000036,181.19999999999982,81.59999999999945
2024-08-12,4678.4,4624.2,4523.0,4441.0,54.19999999999982,155.39999999999964,237.39999999999964,101.19999999999982,183.19999999999982,82.0
2024-08-09,4687.0,4631.6,4526.4,4445.6,55.399999999999636,160.60000000000036,241.39999999999964,105.20000000000073,186.0,80.79999999999927
2024-08-08,4735.0,4687.2,4585.0,4505.0,47.80000000000018,150.0,230.0,102.19999999999982,182.19999999999982,80.0
2024-08-07,4719.0,4669.0,4565.0,4481.6,50.0,154.0,237.39999999999964,104.0,187.39999999999964,83.39999999999964
2024-08-06,4729.8,4683.2,4584.0,4504.8,46.600000000000364,145.80000000000018,225.0,99.19999999999982,178.39999999999964,79.19999999999982
2024-08-05,4670.6,4625.0,4523.8,4442.8,45.600000000000364,146.80000000000018,227.80000000000018,101.19999999999982,182.19999999999982,81.0
2024-08-02,4792.8,4749.0,4648.0,4566.6,43.80000000000018,144.80000000000018,226.19999999999982,101.0,182.39999999999964,81.39999999999964
2024-08-01,4859.4,4819.8,4721.6,4641.0,39.599999999999454,137.79999999999927,218.39999999999964,98.19999999999982,178.80000000000018,80.60000000000036
2024-07-31,4895.0,4855.2,4762.0,4683.8,39.80000000000018,133.0,211.19999999999982,93.19999999999982,171.39999999999964,78.19999999999982
2024-07-30,4656.0,4603.4,4495.2,4416.0,52.600000000000364,160.80000000000018,240.0,108.19999999999982,187.39999999999964,79.19999999999982
2024-07-29,4638.6,4583.8,4480.2,4394.0,54.80000000000018,158.40000000000055,244.60000000000036,103.60000000000036,189.80000000000018,86.19999999999982
2024-07-26,4664.6,4613.0,4508.6,4427.6,51.600000000000364,156.0,237.0,104.39999999999964,185.39999999999964,81.0
2024-07-25,4579.2,4526.8,4423.0,4345.0,52.399999999999636,156.19999999999982,234.19999999999982,103.80000000000018,181.80000000000018,78.0
2024-07-24,4570.2,4518.8,4417.4,4335.8,51.399999999999636,152.80000000000018,234.39999999999964,101.40000000000055,183.0,81.59999999999945
2024-07-23,4625.0,4574.8,4476.0,4395.8,50.19999999999982,149.0,229.19999999999982,98.80000000000018,179.0,80.19999999999982
2024-07-22,4766.2,4718.4,4619.0,4541.6,47.80000000000018,147.19999999999982,224.59999999999945,99.39999999999964,176.79999999999927,77.39999999999964
2024-07-19,4824.8,4757.0,4710.4,4615.0,67.80000000000018,114.40000000000055,209.80000000000018,46.600000000000364,142.0,95.39999999999964
2024-07-18,4809.2,4756.8,4706.0,4610.4,52.399999999999636,103.19999999999982,198.80000000000018,50.80000000000018,146.40000000000055,95.60000000000036
2024-07-17,4789.6,4729.8,4681.2,4582.0,59.80000000000018,108.40000000000055,207.60000000000036,48.600000000000364,147.80000000000018,99.19999999999982
2024-07-16,4816.6,4769.4,4725.2,4630.0,47.20000000000073,91.40000000000055,186.60000000000036,44.19999999999982,139.39999999999964,95.19999999999982
2024-07-15,4808.8,4765.8,4727.0,4633.0,43.0,81.80000000000018,175.80000000000018,38.80000000000018,132.80000000000018,94.0
2024-07-12,4864.2,4827.0,4786.6,4699.0,37.19999999999982,77.59999999999945,165.19999999999982,40.399999999999636,128.0,87.60000000000036
2024-07-11,4881.4,4841.8,4802.6,4712.0,39.599999999999454,78.79999999999927,169.39999999999964,39.19999999999982,129.80000000000018,90.60000000000036
2024-07-10,4758.0,4718.2,4675.0,4585.0,39.80000000000018,83.0,173.0,43.19999999999982,133.19999999999982,90.0
2024-07-09,4766.6,4726.8,4683.6,4588.2,39.80000000000018,83.0,178.40000000000055,43.19999999999982,138.60000000000036,95.40000000000055
2024-07-08,4663.0,4621.2,4577.6,4479.4,41.80000000000018,85.39999999999964,183.60000000000036,43.599999999999454,141.80000000000018,98.20000000000073
2024-07-05,4778.2,4739.6,4698.2,4602.8,38.599999999999454,80.0,175.39999999999964,41.400000000000546,136.80000000000018,95.39999999999964
2024-07-04,4729.0,4690.0,4648.0,4551.2,39.0,81.0,177.80000000000018,42.0,138.80000000000018,96.80000000000018
2024-07-03,4832.2,4789.0,4752.6,4658.4,43.19999999999982,79.59999999999945,173.80000000000018,36.399999999999636,130.60000000000036,94.20000000000073
2024-07-02,4863.8,4822.0,4787.0,4690.8,41.80000000000018,76.80000000000018,173.0,35.0,131.19999999999982,96.19999999999982
2024-07-01,4893.2,4856.6,4816.6,4726.0,36.599999999999454,76.59999999999945,167.19999999999982,40.0,130.60000000000036,90.60000000000036
2024-06-28,4851.4,4810.0,4775.0,4684.4,41.399999999999636,76.39999999999964,167.0,35.0,125.60000000000036,90.60000000000036
2024-06-27,4835.0,4802.2,4753.6,4665.8,32.80000000000018,81.39999999999964,169.19999999999982,48.599999999999454,136.39999999999964,87.80000000000018
2024-06-26,4954.4,4915.0,4874.8,4784.0,39.399999999999636,79.59999999999945,170.39999999999964,40.19999999999982,131.0,90.80000000000018
2024-06-25,4808.4,4767.2,4727.0,4635.2,41.19999999999982,81.39999999999964,173.19999999999982,40.19999999999982,132.0,91.80000000000018
2024-06-24,4834.0,4797.0,4752.8,4662.8,37.0,81.19999999999982,171.19999999999982,44.19999999999982,134.19999999999982,90.0
2024-06-21,5059.4,4994.6,4919.2,4831.0,64.79999999999927,140.19999999999982,228.39999999999964,75.40000000000055,163.60000000000036,88.19999999999982
2024-06-20,5064.0,5002.8,4925.0,4836.6,61.19999999999982,139.0,227.39999999999964,77.80000000000018,166.19999999999982,88.39999999999964
2024-06-19,5155.0,5106.0,5026.6,4937.4,49.0,128.39999999999964,217.60000000000036,79.39999999999964,168.60000000000036,89.20000000000073
2024-06-18,5230.0,5180.6,5102.4,5019.0,49.399999999999636,127.60000000000036,211.0,78.20000000000073,161.60000000000036,83.39999999999964
2024-06-17,5173.8,5126.4,5044.0,4957.2,47.400000000000546,129.80000000000018,216.60000000000036,82.39999999999964,169.19999999999982,86.80000000000018
2024-06-14,5178.8,5128.0,5045.4,4964.8,50.80000000000018,133.40000000000055,214.0,82.60000000000036,163.19999999999982,80.59999999999945
2024-06-13,5148.4,5093.2,5009.2,4925.8,55.19999999999982,139.19999999999982,222.59999999999945,84.0,167.39999999999964,83.39999999999964
2024-06-12,5180.6,5130.6,5050.8,4971.8,50.0,129.80000000000018,208.80000000000018,79.80000000000018,158.80000000000018,79.0
2024-06-11,5174.0,5122.2,5047.8,4973.0,51.80000000000018,126.19999999999982,201.0,74.39999999999964,149.19999999999982,74.80000000000018
2024-06-07,5115.0,5067.6,4995.0,4919.0,47.399999999999636,120.0,196.0,72.60000000000036,148.60000000000036,76.0
2024-06-06,5101.8,5055.8,4978.8,4907.0,46.0,123.0,194.80000000000018,77.0,148.80000000000018,71.80000000000018
2024-06-05,5209.6,5161.4,5083.2,5010.2,48.20000000000073,126.40000000000055,199.40000000000055,78.19999999999982,151.19999999999982,73.0
2024-06-04,5268.6,5220.6,5141.0,5069.6,48.0,127.60000000000036,199.0,79.60000000000036,151.0,71.39999999999964
2024-06-03,5222.4,5178.8,5098.0,5027.0,43.599999999999454,124.39999999999964,195.39999999999964,80.80000000000018,151.80000000000018,71.0
2024-05-31,5314.0,5268.0,5197.2,5126.4,46.0,116.80000000000018,187.60000000000036,70.80000000000018,141.60000000000036,70.80000000000018
2024-05-30,5291.4,5245.8,5171.0,5098.6,45.599999999999454,120.39999999999964,192.79999999999927,74.80000000000018,147.19999999999982,72.39999999999964
2024-05-29,5284.0,5236.2,5165.0,5093.2,47.80000000000018,119.0,190.80000000000018,71.19999999999982,143.0,71.80000000000018
2024-05-28,5279.0,5233.8,5167.0,5090.6,45.19999999999982,112.0,188.39999999999964,66.80000000000018,143.19999999999982,76.39999999999964
2024-05-27,5335.8,5291.2,5229.0,5158.6,44.600000000000364,106.80000000000018,177.19999999999982,62.19999999999982,132.59999999999945,70.39999999999964
2024-05-24,5291.2,5249.0,5188.0,5120.0,42.19999999999982,103.19999999999982,171.19999999999982,61.0,129.0,68.0
2024-05-23,5359.0,5317.8,5257.8,5187.0,41.19999999999982,101.19999999999982,172.0,60.0,130.80000000000018,70.80000000000018
2024-05-22,5479.6,5442.6,5379.6,5307.2,37.0,100.0,172.40000000000055,63.0,135.40000000000055,72.40000000000055
2024-05-21,5476.8,5433.6,5375.0,5301.8,43.19999999999982,101.80000000000018,175.0,58.600000000000364,131.80000000000018,73.19999999999982
2024-05-20,5539.2,5503.8,5439.4,5369.0,35.399999999999636,99.80000000000018,170.19999999999982,64.40000000000055,134.80000000000018,70.39999999999964
2024-05-17,5512.0,5530.2,5429.6,5358.0,-18.199999999999818,82.39999999999964,154.0,100.59999999999945,172.19999999999982,71.60000000000036
2024-05-16,5478.2,5415.0,5313.8,5240.0,63.19999999999982,164.39999999999964,238.19999999999982,101.19999999999982,175.0,73.80000000000018
2024-05-15,5489.2,5424.0,5318.6,5247.0,65.19999999999982,170.59999999999945,242.19999999999982,105.39999999999964,177.0,71.60000000000036
2024-05-14,5537.0,5470.0,5370.4,5295.0,67.0,166.60000000000036,242.0,99.60000000000036,175.0,75.39999999999964
2024-05-13,5512.0,5443.8,5341.8,5266.2,68.19999999999982,170.19999999999982,245.80000000000018,102.0,177.60000000000036,75.60000000000036
2024-05-10,5563.6,5503.6,5404.8,5332.2,60.0,158.80000000000018,231.40000000000055,98.80000000000018,171.40000000000055,72.60000000000036
2024-05-09,5617.0,5562.8,5469.0,5398.4,54.19999999999982,148.0,218.60000000000036,93.80000000000018,164.40000000000055,70.60000000000036
2024-05-08,5519.8,5461.2,5363.6,5288.8,58.600000000000364,156.19999999999982,231.0,97.59999999999945,172.39999999999964,74.80000000000018
2024-05-07,5606.8,5557.2,5462.8,5393.6,49.600000000000364,144.0,213.19999999999982,94.39999999999964,163.59999999999945,69.19999999999982
2024-05-06,5590.2,5548.6,5461.8,5394.6,41.599999999999454,128.39999999999964,195.59999999999945,86.80000000000018,154.0,67.19999999999982
2024-04-30,5493.0,5448.8,5359.0,5287.0,44.19999999999982,134.0,206.0,89.80000000000018,161.80000000000018,72.0
2024-04-29,5557.0,5510.2,5426.8,5340.0,46.80000000000018,130.19999999999982,217.0,83.39999999999964,170.19999999999982,86.80000000000018
2024-04-26,5408.6,5351.2,5247.8,5175.6,57.400000000000546,160.80000000000018,233.0,103.39999999999964,175.59999999999945,72.19999999999982
2024-04-25,5279.2,5214.2,5106.8,5030.4,65.0,172.39999999999964,248.80000000000018,107.39999999999964,183.80000000000018,76.40000000000055
2024-04-24,5275.4,5205.8,5099.8,5028.4,69.59999999999945,175.59999999999945,247.0,106.0,177.40000000000055,71.40000000000055
2024-04-23,5151.8,5082.8,4976.0,4898.0,69.0,175.80000000000018,253.80000000000018,106.80000000000018,184.80000000000018,78.0
2024-04-22,5189.2,5118.4,5014.2,4938.0,70.80000000000018,175.0,251.19999999999982,104.19999999999982,180.39999999999964,76.19999999999982
2024-04-19,5258.0,5191.8,5118.8,5018.2,66.19999999999982,139.19999999999982,239.80000000000018,73.0,173.60000000000036,100.60000000000036
2024-04-18,5290.2,5234.0,5165.6,5062.6,56.19999999999982,124.59999999999945,227.59999999999945,68.39999999999964,171.39999999999964,103.0
2024-04-17,5289.2,5232.0,5157.4,5054.0,57.19999999999982,131.80000000000018,235.19999999999982,74.60000000000036,178.0,103.39999999999964
2024-04-16,5055.0,4986.4,4917.2,4814.2,68.60000000000036,137.80000000000018,240.80000000000018,69.19999999999982,172.19999999999982,103.0
2024-04-15,5262.8,5197.0,5120.0,5013.2,65.80000000000018,142.80000000000018,249.60000000000036,77.0,183.80000000000018,106.80000000000018
2024-04-12,5309.0,5253.0,5183.8,5076.0,56.0,125.19999999999982,233.0,69.19999999999982,177.0,107.80000000000018
2024-04-11,5353.8,5301.8,5235.6,5128.6,52.0,118.19999999999982,225.19999999999982,66.19999999999982,173.19999999999982,107.0
2024-04-10,5330.0,5280.6,5218.0,5111.2,49.399999999999636,112.0,218.80000000000018,62.600000000000364,169.40000000000055,106.80000000000018
2024-04-09,5431.6,5386.4,5322.4,5218.6,45.20000000000073,109.20000000000073,213.0,64.0,167.79999999999927,103.79999999999927
2024-04-08,5348.4,5306.2,5241.8,5135.0,42.19999999999982,106.59999999999945,213.39999999999964,64.39999999999964,171.19999999999982,106.80000000000018
2024-04-03,5475.0,5433.0,5374.4,5271.6,42.0,100.60000000000036,203.39999999999964,58.600000000000364,161.39999999999964,102.79999999999927
2024-04-02,5506.6,5470.4,5414.2,5318.6,36.20000000000073,92.40000000000055,188.0,56.19999999999982,151.79999999999927,95.59999999999945
2024-04-01,5541.6,5503.0,5446.2,5352.8,38.600000000000364,95.40000000000055,188.80000000000018,56.80000000000018,150.19999999999982,93.39999999999964
2024-03-29,5412.0,5375.0,5308.0,5209.6,37.0,104.0,202.39999999999964,67.0,165.39999999999964,98.39999999999964
2024-03-28,5349.6,5309.0,5249.0,5145.0,40.600000000000364,100.60000000000036,204.60000000000036,60.0,164.0,104.0
2024-03-27,5216.8,5172.0,5121.4,5017.4,44.80000000000018,95.40000000000055,199.40000000000055,50.600000000000364,154.60000000000036,104.0
2024-03-26,5401.0,5363.2,5304.2,5207.2,37.80000000000018,96.80000000000018,193.80000000000018,59.0,156.0,97.0
2024-03-25,5435.4,5393.8,5337.0,5241.6,41.599999999999454,98.39999999999964,193.79999999999927,56.80000000000018,152.19999999999982,95.39999999999964
2024-03-22,5558.8,5521.8,5466.6,5374.8,37.0,92.19999999999982,184.0,55.19999999999982,147.0,91.80000000000018
2024-03-21,5627.0,5592.2,5540.0,5445.0,34.80000000000018,87.0,182.0,52.19999999999982,147.19999999999982,95.0
2024-03-20,5629.0,5591.4,5539.0,5446.2,37.600000000000364,90.0,182.80000000000018,52.399999999999636,145.19999999999982,92.80000000000018
2024-03-19,5581.6,5545.2,5495.2,5401.8,36.400000000000546,86.40000000000055,179.80000000000018,50.0,143.39999999999964,93.39999999999964
2024-03-18,5639.6,5606.6,5550.8,5456.8,33.0,88.80000000000018,182.80000000000018,55.80000000000018,149.80000000000018,94.0
2024-03-15,5511.0,5532.2,5440.0,5342.8,-21.199999999999818,71.0,168.19999999999982,92.19999999999982,189.39999999999964,97.19999999999982
2024-03-14,5487.0,5437.2,5344.2,5241.0,49.80000000000018,142.80000000000018,246.0,93.0,196.19999999999982,103.19999999999982
2024-03-13,5517.4,5473.0,5380.0,5281.2,44.399999999999636,137.39999999999964,236.19999999999982,93.0,191.80000000000018,98.80000000000018
2024-03-12,5488.2,5446.2,5352.0,5252.2,42.0,136.19999999999982,236.0,94.19999999999982,194.0,99.80000000000018
2024-03-11,5463.0,5413.6,5319.6,5219.0,49.399999999999636,143.39999999999964,244.0,94.0,194.60000000000036,100.60000000000036
2024-03-08,5348.0,5303.6,5216.0,5120.2,44.399999999999636,132.0,227.80000000000018,87.60000000000036,183.40000000000055,95.80000000000018
2024-03-07,5277.0,5234.8,5149.2,5056.2,42.19999999999982,127.80000000000018,220.80000000000018,85.60000000000036,178.60000000000036,93.0
2024-03-06,5345.0,5300.8,5215.2,5122.0,44.19999999999982,129.80000000000018,223.0,85.60000000000036,178.80000000000018,93.19999999999982
2024-03-05,5311.4,5268.6,5183.8,5090.0,42.79999999999927,127.59999999999945,221.39999999999964,84.80000000000018,178.60000000000036,93.80000000000018
2024-03-04,5383.4,5344.4,5260.6,5167.8,39.0,122.79999999999927,215.59999999999945,83.79999999999927,176.59999999999945,92.80000000000018
2024-03-01,5392.0,5361.2,5277.0,5189.0,30.800000000000182,115.0,203.0,84.19999999999982,172.19999999999982,88.0
2024-02-29,5333.8,5300.0,5215.2,5129.0,33.80000000000018,118.60000000000036,204.80000000000018,84.80000000000018,171.0,86.19999999999982
2024-02-28,5117.6,5078.6,5000.0,4910.8,39.0,117.60000000000036,206.80000000000018,78.60000000000036,167.80000000000018,89.19999999999982
2024-02-27,5386.0,5355.8,5271.0,5178.0,30.199999999999818,115.0,208.0,84.80000000000018,177.80000000000018,93.0
2024-02-26,5215.0,5178.4,5102.6,5003.2,36.600000000000364,112.39999999999964,211.80000000000018,75.79999999999927,175.19999999999982,99.40000000000055
2024-02-23,5217.0,5184.0,5102.2,5014.6,33.0,114.80000000000018,202.39999999999964,81.80000000000018,169.39999999999964,87.59999999999945
2024-02-22,5122.4,5089.0,5010.8,4919.8,33.399999999999636,111.59999999999945,202.59999999999945,78.19999999999982,169.19999999999982,91.0
2024-02-21,5001.4,4964.0,4887.2,4796.6,37.399999999999636,114.19999999999982,204.79999999999927,76.80000000000018,167.39999999999964,90.59999999999945
2024-02-20,4989.0,4955.2,4873.2,4787.8,33.80000000000018,115.80000000000018,201.19999999999982,82.0,167.39999999999964,85.39999999999964
2024-02-19,4985.4,4954.6,4842.8,4753.8,30.799999999999272,142.59999999999945,231.59999999999945,111.80000000000018,200.80000000000018,89.0
2024-02-08,5002.4,4980.4,4887.0,4810.0,22.0,115.39999999999964,192.39999999999964,93.39999999999964,170.39999999999964,77.0
2024-02-07,4825.0,4793.0,4715.0,4636.8,32.0,110.0,188.19999999999982,78.0,156.19999999999982,78.19999999999982
2024-02-06,4609.0,4568.4,4454.0,4375.4,40.600000000000364,155.0,233.60000000000036,114.39999999999964,193.0,78.60000000000036
2024-02-05,4176.6,4044.6,3922.6,3850.0,132.00000000000045,254.00000000000045,326.60000000000036,122.0,194.5999999999999,72.59999999999991
2024-02-02,4507.2,4447.4,4323.0,4238.0,59.80000000000018,184.19999999999982,269.1999999999998,124.39999999999964,209.39999999999964,85.0
2024-02-01,4699.2,4641.6,4521.4,4441.0,57.599999999999454,177.80000000000018,258.1999999999998,120.20000000000073,200.60000000000036,80.39999999999964
2024-01-31,4727.2,4666.2,4544.0,4461.4,61.0,183.19999999999982,265.8000000000002,122.19999999999982,204.80000000000018,82.60000000000036
2024-01-30,4907.2,4848.0,4726.4,4648.6,59.19999999999982,180.80000000000018,258.59999999999945,121.60000000000036,199.39999999999964,77.79999999999927
2024-01-29,5063.0,5016.4,4896.2,4823.6,46.600000000000364,166.80000000000018,239.39999999999964,120.19999999999982,192.79999999999927,72.59999999999945
2024-01-26,5216.8,5178.2,5060.0,4975.8,38.600000000000364,156.80000000000018,241.0,118.19999999999982,202.39999999999964,84.19999999999982
2024-01-25,5306.6,5273.8,5162.0,5095.8,32.80000000000018,144.60000000000036,210.80000000000018,111.80000000000018,178.0,66.19999999999982
2024-01-24,5090.8,5048.6,4930.4,4861.0,42.19999999999982,160.40000000000055,229.80000000000018,118.20000000000073,187.60000000000036,69.39999999999964
2024-01-23,4998.0,4945.0,4830.2,4753.2,53.0,167.80000000000018,244.80000000000018,114.80000000000018,191.80000000000018,77.0
2024-01-22,4830.4,4732.4,4619.8,4588.6,98.0,210.59999999999945,241.79999999999927,112.59999999999945,143.79999999999927,31.199999999999818
2024-01-19,5322.8,5217.4,5182.4,5079.4,105.40000000000055,140.40000000000055,243.40000000000055,35.0,138.0,103.0
2024-01-18,5344.6,5272.8,5228.6,5123.8,71.80000000000018,116.0,220.80000000000018,44.19999999999982,149.0,104.80000000000018
2024-01-17,5346.4,5258.6,5202.6,5124.2,87.79999999999927,143.79999999999927,222.19999999999982,56.0,134.40000000000055,78.40000000000055
2024-01-16,5513.0,5464.6,5429.4,5333.2,48.399999999999636,83.60000000000036,179.80000000000018,35.20000000000073,131.40000000000055,96.19999999999982
2024-01-15,5530.2,5490.2,5459.0,5360.2,40.0,71.19999999999982,170.0,31.199999999999818,130.0,98.80000000000018
2024-01-12,5551.0,5517.2,5485.4,5388.0,33.80000000000018,65.60000000000036,163.0,31.800000000000182,129.19999999999982,97.39999999999964
2024-01-11,5595.2,5562.0,5535.8,5446.8,33.19999999999982,59.399999999999636,148.39999999999964,26.199999999999818,115.19999999999982,89.0
2024-01-10,5484.6,5445.0,5411.4,5315.4,39.600000000000364,73.20000000000073,169.20000000000073,33.600000000000364,129.60000000000036,96.0
2024-01-09,5513.4,5468.6,5435.4,5341.8,44.79999999999927,78.0,171.59999999999945,33.20000000000073,126.80000000000018,93.59999999999945
2024-01-08,5480.2,5440.0,5406.2,5317.0,40.19999999999982,74.0,163.19999999999982,33.80000000000018,123.0,89.19999999999982
2024-01-05,5664.8,5635.8,5606.4,5519.0,29.0,58.400000000000546,145.80000000000018,29.400000000000546,116.80000000000018,87.39999999999964
2024-01-04,5765.2,5743.6,5714.4,5628.8,21.599999999999454,50.80000000000018,136.39999999999964,29.200000000000728,114.80000000000018,85.59999999999945
2024-01-03,5809.4,5783.0,5763.4,5676.0,26.399999999999636,46.0,133.39999999999964,19.600000000000364,107.0,87.39999999999964
2024-01-02,5833.6,5810.6,5793.8,5706.4,23.0,39.80000000000018,127.20000000000073,16.800000000000182,104.20000000000073,87.40000000000055
2023-12-29,5894.8,5873.4,5855.0,5764.2,21.400000000000546,39.80000000000018,130.60000000000036,18.399999999999636,109.19999999999982,90.80000000000018
2023-12-28,5803.4,5780.6,5760.6,5667.4,22.799999999999272,42.79999999999927,136.0,20.0,113.20000000000073,93.20000000000073
2023-12-27,5673.0,5649.4,5625.2,5525.6,23.600000000000364,47.80000000000018,147.39999999999964,24.199999999999818,123.79999999999927,99.59999999999945
2023-12-26,5636.6,5610.4,5588.0,5493.0,26.200000000000728,48.600000000000364,143.60000000000036,22.399999999999636,117.39999999999964,95.0
2023-12-25,5717.6,5692.4,5662.6,5571.0,25.200000000000728,55.0,146.60000000000036,29.799999999999272,121.39999999999964,91.60000000000036
2023-12-22,5722.8,5699.2,5677.2,5586.0,23.600000000000364,45.600000000000364,136.80000000000018,22.0,113.19999999999982,91.19999999999982
2023-12-21,5770.2,5744.2,5723.6,5637.0,26.0,46.599999999999454,133.19999999999982,20.599999999999454,107.19999999999982,86.60000000000036
2023-12-20,5745.0,5724.6,5699.6,5616.0,20.399999999999636,45.399999999999636,129.0,25.0,108.60000000000036,83.60000000000036
2023-12-19,5838.0,5812.6,5789.0,5708.0,25.399999999999636,49.0,130.0,23.600000000000364,104.60000000000036,81.0
2023-12-18,5831.6,5804.0,5776.2,5693.0,27.600000000000364,55.400000000000546,138.60000000000036,27.800000000000182,111.0,83.19999999999982
2023-12-15,5956.2,5903.0,5845.0,5758.8,53.19999999999982,111.19999999999982,197.39999999999964,58.0,144.19999999999982,86.19999999999982
2023-12-14,6000.0,5956.0,5899.0,5805.6,44.0,101.0,194.39999999999964,57.0,150.39999999999964,93.39999999999964
2023-12-13,6022.6,5982.0,5920.2,5825.4,40.600000000000364,102.40000000000055,197.20000000000073,61.80000000000018,156.60000000000036,94.80000000000018
2023-12-12,6079.0,6045.0,5985.0,5898.0,34.0,94.0,181.0,60.0,147.0,87.0
2023-12-11,6070.6,6035.8,5975.4,5886.4,34.80000000000018,95.20000000000073,184.20000000000073,60.400000000000546,149.40000000000055,89.0
2023-12-08,6000.8,5970.6,5907.4,5823.8,30.199999999999818,93.40000000000055,177.0,63.20000000000073,146.80000000000018,83.59999999999945
2023-12-07,6014.2,5975.0,5921.6,5830.0,39.19999999999982,92.59999999999945,184.19999999999982,53.399999999999636,145.0,91.60000000000036
2023-12-06,5997.8,5952.0,5871.8,5753.4,45.80000000000018,126.0,244.40000000000055,80.19999999999982,198.60000000000036,118.40000000000055
2023-12-05,5958.2,5910.0,5835.8,5718.6,48.19999999999982,122.39999999999964,239.59999999999945,74.19999999999982,191.39999999999964,117.19999999999982
2023-12-04,6058.6,6019.2,5957.6,5852.6,39.400000000000546,101.0,206.0,61.599999999999454,166.59999999999945,105.0
2023-12-01,6092.2,6058.4,5997.6,5894.4,33.80000000000018,94.59999999999945,197.80000000000018,60.79999999999927,164.0,103.20000000000073
2023-11-30,6036.0,6004.8,5945.2,5847.6,31.199999999999818,90.80000000000018,188.39999999999964,59.600000000000364,157.19999999999982,97.59999999999945
2023-11-29,6074.6,6042.0,5994.6,5903.6,32.600000000000364,80.0,171.0,47.399999999999636,138.39999999999964,91.0
2023-11-28,6097.2,6065.8,6017.8,5931.4,31.399999999999636,79.39999999999964,165.80000000000018,48.0,134.40000000000055,86.40000000000055
2023-11-27,6081.2,6048.2,6004.8,5921.0,33.0,76.39999999999964,160.19999999999982,43.399999999999636,127.19999999999982,83.80000000000018
2023-11-24,6081.0,6053.8,6012.6,5942.4,27.199999999999818,68.39999999999964,138.60000000000036,41.19999999999982,111.40000000000055,70.20000000000073
2023-11-23,6176.6,6154.2,6110.4,6035.0,22.400000000000546,66.20000000000073,141.60000000000036,43.80000000000018,119.19999999999982,75.39999999999964
2023-11-22,6093.0,6068.6,6031.0,5943.2,24.399999999999636,62.0,149.80000000000018,37.600000000000364,125.40000000000055,87.80000000000018
2023-11-21,6161.8,6137.0,6084.0,6001.8,24.800000000000182,77.80000000000018,160.0,53.0,135.19999999999982,82.19999999999982
2023-11-20,6213.8,6181.4,6128.2,6049.0,32.400000000000546,85.60000000000036,164.80000000000018,53.19999999999982,132.39999999999964,79.19999999999982
2023-11-17,6179.6,6153.2,6075.4,5997.4,26.400000000000546,104.20000000000073,182.20000000000073,77.80000000000018,155.80000000000018,78.0
2023-11-16,6145.0,6088.8,6016.2,5949.2,56.19999999999982,128.80000000000018,195.80000000000018,72.60000000000036,139.60000000000036,67.0
2023-11-15,6199.2,6153.4,6090.0,6019.6,45.80000000000018,109.19999999999982,179.59999999999945,63.399999999999636,133.79999999999927,70.39999999999964
2023-11-14,6165.4,6123.2,6061.6,5998.2,42.19999999999982,103.79999999999927,167.19999999999982,61.599999999999454,125.0,63.400000000000546
2023-11-13,6124.0,6092.2,6039.6,5979.0,31.800000000000182,84.39999999999964,145.0,52.599999999999454,113.19999999999982,60.600000000000364
2023-11-10,6066.0,6043.8,6002.8,5947.0,22.199999999999818,63.19999999999982,119.0,41.0,96.80000000000018,55.80000000000018
2023-11-09,6072.2,6053.0,6017.6,5967.6,19.199999999999818,54.599999999999454,104.59999999999945,35.399999999999636,85.39999999999964,50.0
2023-11-08,6110.6,6091.0,6056.6,6004.0,19.600000000000364,54.0,106.60000000000036,34.399999999999636,87.0,52.600000000000364
2023-11-07,6098.0,6082.4,6049.4,5996.4,15.600000000000364,48.600000000000364,101.60000000000036,33.0,86.0,53.0
2023-11-06,6085.8,6071.0,6039.8,5989.0,14.800000000000182,46.0,96.80000000000018,31.199999999999818,82.0,50.80000000000018
2023-11-03,5958.0,5945.2,5914.6,5865.2,12.800000000000182,43.399999999999636,92.80000000000018,30.599999999999454,80.0,49.400000000000546
2023-11-02,5877.4,5863.0,5827.4,5776.2,14.399999999999636,50.0,101.19999999999982,35.600000000000364,86.80000000000018,51.19999999999982
2023-11-01,5936.2,5920.2,5883.8,5836.6,16.0,52.399999999999636,99.59999999999945,36.399999999999636,83.59999999999945,47.19999999999982
2023-10-31,5945.0,5928.8,5891.8,5846.8,16.199999999999818,53.19999999999982,98.19999999999982,37.0,82.0,45.0
2023-10-30,5975.0,5957.0,5919.0,5877.8,18.0,56.0,97.19999999999982,38.0,79.19999999999982,41.19999999999982
2023-10-27,5907.0,5892.6,5850.0,5806.0,14.399999999999636,57.0,101.0,42.600000000000364,86.60000000000036,44.0
2023-10-26,5780.8,5762.0,5718.4,5667.4,18.800000000000182,62.400000000000546,113.40000000000055,43.600000000000364,94.60000000000036,51.0
2023-10-25,5739.6,5721.2,5682.8,5630.6,18.400000000000546,56.80000000000018,109.0,38.399999999999636,90.59999999999945,52.19999999999982
2023-10-24,5675.2,5660.8,5624.4,5580.4,14.399999999999636,50.80000000000018,94.80000000000018,36.400000000000546,80.40000000000055,44.0
2023-10-23,5602.0,5585.0,5550.8,5514.0,17.0,51.19999999999982,88.0,34.19999999999982,71.0,36.80000000000018
2023-10-20,5787.0,5766.2,5748.0,5722.0,20.800000000000182,39.0,65.0,18.199999999999818,44.19999999999982,26.0
2023-10-19,5845.2,5830.4,5815.0,5790.0,14.800000000000182,30.199999999999818,55.19999999999982,15.399999999999636,40.399999999999636,25.0
2023-10-18,5904.6,5887.4,5874.4,5855.4,17.200000000000728,30.200000000000728,49.20000000000073,13.0,32.0,19.0
2023-10-17,6006.6,5994.4,5981.4,5957.0,12.200000000000728,25.200000000000728,49.600000000000364,13.0,37.399999999999636,24.399999999999636
2023-10-16,6013.4,6000.2,5991.0,5969.6,13.199999999999818,22.399999999999636,43.79999999999927,9.199999999999818,30.599999999999454,21.399999999999636
2023-10-13,6084.2,6072.0,6061.0,6039.6,12.199999999999818,23.199999999999818,44.599999999999454,11.0,32.399999999999636,21.399999999999636
2023-10-12,6093.0,6081.0,6071.0,6047.0,12.0,22.0,46.0,10.0,34.0,24.0
2023-10-11,6040.4,6030.2,6021.2,5995.2,10.199999999999818,19.199999999999818,45.19999999999982,9.0,35.0,26.0
2023-10-10,6033.8,6024.2,6015.0,5990.0,9.600000000000364,18.800000000000182,43.80000000000018,9.199999999999818,34.19999999999982,25.0
2023-10-09,6055.0,6043.0,6032.4,6017.6,12.0,22.600000000000364,37.399999999999636,10.600000000000364,25.399999999999636,14.799999999999272
2023-09-28,6075.0,6064.0,6054.0,6034.4,11.0,21.0,40.600000000000364,10.0,29.600000000000364,19.600000000000364
2023-09-27,6050.2,6045.4,6034.4,6015.6,4.800000000000182,15.800000000000182,34.599999999999454,11.0,29.799999999999272,18.799999999999272
2023-09-26,6007.2,6003.8,5997.0,5978.0,3.399999999999636,10.199999999999818,29.199999999999818,6.800000000000182,25.800000000000182,19.0
2023-09-25,6031.4,6027.0,6018.2,6002.6,4.399999999999636,13.199999999999818,28.799999999999272,8.800000000000182,24.399999999999636,15.599999999999454
2023-09-22,6065.0,6062.4,6056.0,6042.0,2.600000000000364,9.0,23.0,6.399999999999636,20.399999999999636,14.0
2023-09-21,5941.8,5936.2,5927.2,5911.2,5.600000000000364,14.600000000000364,30.600000000000364,9.0,25.0,16.0
2023-09-20,5987.2,5983.2,5974.0,5960.8,4.0,13.199999999999818,26.399999999999636,9.199999999999818,22.399999999999636,13.199999999999818
2023-09-19,6039.2,6030.8,6021.6,6001.6,8.399999999999636,17.599999999999454,37.599999999999454,9.199999999999818,29.199999999999818,20.0
2023-09-18,6083.6,6071.2,6060.0,6033.8,12.400000000000546,23.600000000000364,49.80000000000018,11.199999999999818,37.399999999999636,26.199999999999818
2023-09-15,6066.6,6067.4,6043.8,6018.6,-0.7999999999992724,22.800000000000182,48.0,23.599999999999454,48.79999999999927,25.199999999999818
2023-09-14,6077.2,6058.8,6041.0,6011.6,18.399999999999636,36.19999999999982,65.59999999999945,17.800000000000182,47.19999999999982,29.399999999999636
2023-09-13,6094.0,6082.0,6065.6,6044.6,12.0,28.399999999999636,49.399999999999636,16.399999999999636,37.399999999999636,21.0
2023-09-12,6172.2,6164.8,6155.0,6134.0,7.399999999999636,17.199999999999818,38.19999999999982,9.800000000000182,30.800000000000182,21.0
2023-09-11,6165.0,6155.4,6144.6,6124.6,9.600000000000364,20.399999999999636,40.399999999999636,10.799999999999272,30.799999999999272,20.0
2023-09-08,6075.4,6072.2,6057.2,6037.0,3.199999999999818,18.199999999999818,38.399999999999636,15.0,35.19999999999982,20.199999999999818
2023-09-07,6077.2,6073.0,6059.8,6044.8,4.199999999999818,17.399999999999636,32.399999999999636,13.199999999999818,28.199999999999818,15.0
2023-09-06,6178.8,6178.6,6166.0,6149.8,0.1999999999998181,12.800000000000182,29.0,12.600000000000364,28.800000000000182,16.199999999999818
2023-09-05,6162.2,6159.4,6147.0,6130.6,2.800000000000182,15.199999999999818,31.599999999999454,12.399999999999636,28.799999999999272,16.399999999999636
2023-09-04,6198.0,6196.6,6186.8,6171.8,1.3999999999996362,11.199999999999818,26.199999999999818,9.800000000000182,24.800000000000182,15.0
2023-09-01,6103.0,6101.0,6095.0,6078.0,2.0,8.0,25.0,6.0,23.0,17.0
2023-08-31,6110.6,6110.0,6102.0,6086.2,0.6000000000003638,8.600000000000364,24.400000000000546,8.0,23.800000000000182,15.800000000000182
2023-08-30,6128.2,6129.8,6120.0,6105.0,-1.6000000000003638,8.199999999999818,23.199999999999818,9.800000000000182,24.800000000000182,15.0
2023-08-29,6099.2,6096.8,6092.0,6077.8,2.399999999999636,7.199999999999818,21.399999999999636,4.800000000000182,19.0,14.199999999999818
2023-08-28,5907.6,5902.0,5889.0,5874.0,5.600000000000364,18.600000000000364,33.600000000000364,13.0,28.0,15.0
2023-08-25,5881.8,5885.8,5875.4,5870.2,-4.0,6.400000000000546,11.600000000000364,10.400000000000546,15.600000000000364,5.199999999999818
2023-08-24,5977.6,5975.6,5963.0,5958.4,2.0,14.600000000000364,19.200000000000728,12.600000000000364,17.200000000000728,4.600000000000364
2023-08-23,5974.8,5969.8,5966.0,5962.4,5.0,8.800000000000182,12.400000000000546,3.800000000000182,7.400000000000546,3.600000000000364
2023-08-22,6084.0,6082.8,6074.0,6065.6,1.199999999999818,10.0,18.399999999999636,8.800000000000182,17.199999999999818,8.399999999999636
2023-08-21,6053.8,6051.6,6050.0,6040.2,2.199999999999818,3.800000000000182,13.600000000000364,1.6000000000003638,11.400000000000546,9.800000000000182
2023-08-18,6162.2,6127.4,6124.0,6116.8,34.80000000000018,38.19999999999982,45.399999999999636,3.399999999999636,10.599999999999454,7.199999999999818
2023-08-17,6243.8,6257.6,6245.8,6229.2,-13.800000000000182,-2.0,14.600000000000364,11.800000000000182,28.400000000000546,16.600000000000364
2023-08-16,6188.6,6200.0,6191.2,6180.0,-11.399999999999636,-2.5999999999994543,8.600000000000364,8.800000000000182,20.0,11.199999999999818
2023-08-15,6268.2,6270.2,6260.0,6246.4,-2.0,8.199999999999818,21.800000000000182,10.199999999999818,23.800000000000182,13.600000000000364
2023-08-14,6323.2,6326.2,6309.4,6292.6,-3.0,13.800000000000182,30.599999999999454,16.800000000000182,33.599999999999454,16.799999999999272
2023-08-11,6304.0,6310.0,6298.4,6285.0,-6.0,5.600000000000364,19.0,11.600000000000364,25.0,13.399999999999636
2023-08-10,6424.6,6429.2,6417.6,6404.2,-4.599999999999454,7.0,20.400000000000546,11.599999999999454,25.0,13.400000000000546
2023-08-09,6433.2,6442.0,6427.6,6407.2,-8.800000000000182,5.599999999999454,26.0,14.399999999999636,34.80000000000018,20.400000000000546
2023-08-08,6484.8,6487.4,6465.6,6438.4,-2.5999999999994543,19.199999999999818,46.400000000000546,21.799999999999272,49.0,27.200000000000728
2023-08-07,6515.6,6515.0,6488.8,6459.8,0.6000000000003638,26.800000000000182,55.80000000000018,26.199999999999818,55.19999999999982,29.0
2023-08-04,6534.6,6531.0,6500.6,6466.0,3.600000000000364,34.0,68.60000000000036,30.399999999999636,65.0,34.600000000000364
2023-08-03,6495.6,6490.4,6459.4,6420.2,5.200000000000728,36.20000000000073,75.40000000000055,31.0,70.19999999999982,39.19999999999982
2023-08-02,6495.8,6490.8,6459.0,6424.6,5.0,36.80000000000018,71.19999999999982,31.800000000000182,66.19999999999982,34.399999999999636
2023-08-01,6509.0,6502.8,6472.0,6435.4,6.199999999999818,37.0,73.60000000000036,30.800000000000182,67.40000000000055,36.600000000000364
2023-07-31,6524.6,6514.4,6476.0,6439.2,10.200000000000728,48.600000000000364,85.40000000000055,38.399999999999636,75.19999999999982,36.80000000000018
2023-07-28,6473.6,6466.0,6431.0,6391.0,7.600000000000364,42.600000000000364,82.60000000000036,35.0,75.0,40.0
2023-07-27,6421.0,6416.0,6385.8,6347.0,5.0,35.19999999999982,74.0,30.199999999999818,69.0,38.80000000000018
2023-07-26,6468.4,6462.8,6429.2,6390.0,5.599999999999454,39.19999999999982,78.39999999999964,33.600000000000364,72.80000000000018,39.19999999999982
2023-07-25,6497.6,6488.8,6448.0,6415.8,8.800000000000182,49.600000000000364,81.80000000000018,40.80000000000018,73.0,32.19999999999982
2023-07-24,6393.6,6385.0,6343.2,6308.8,8.600000000000364,50.400000000000546,84.80000000000018,41.80000000000018,76.19999999999982,34.399999999999636
2023-07-21,6396.6,6407.0,6398.0,6354.8,-10.399999999999636,-1.3999999999996362,41.80000000000018,9.0,52.19999999999982,43.19999999999982
2023-07-20,6416.2,6408.2,6396.4,6349.0,8.0,19.800000000000182,67.19999999999982,11.800000000000182,59.19999999999982,47.399999999999636
2023-07-19,6501.0,6483.4,6469.0,6419.6,17.600000000000364,32.0,81.39999999999964,14.399999999999636,63.79999999999927,49.399999999999636
2023-07-18,6515.0,6500.4,6483.8,6433.4,14.600000000000364,31.199999999999818,81.60000000000036,16.599999999999454,67.0,50.400000000000546
2023-07-17,6514.8,6497.8,6479.2,6433.4,17.0,35.600000000000364,81.40000000000055,18.600000000000364,64.40000000000055,45.80000000000018
2023-07-14,6541.0,6527.0,6511.0,6459.0,14.0,30.0,82.0,16.0,68.0,52.0
2023-07-13,6549.6,6534.6,6520.8,6467.6,15.0,28.800000000000182,82.0,13.800000000000182,67.0,53.19999999999982
2023-07-12,6483.8,6469.0,6454.0,6401.8,14.800000000000182,29.800000000000182,82.0,15.0,67.19999999999982,52.19999999999982
2023-07-11,6571.0,6555.6,6535.2,6479.4,15.399999999999636,35.80000000000018,91.60000000000036,20.400000000000546,76.20000000000073,55.80000000000018
2023-07-10,6520.4,6503.8,6481.6,6426.6,16.599999999999454,38.79999999999927,93.79999999999927,22.199999999999818,77.19999999999982,55.0
2023-07-07,6513.0,6498.4,6477.8,6424.0,14.600000000000364,35.19999999999982,89.0,20.599999999999454,74.39999999999964,53.80000000000018
2023-07-06,6535.6,6519.4,6498.8,6442.0,16.200000000000728,36.80000000000018,93.60000000000036,20.599999999999454,77.39999999999964,56.80000000000018
2023-07-05,6566.2,6553.4,6528.6,6468.4,12.800000000000182,37.599999999999454,97.80000000000018,24.799999999999272,85.0,60.20000000000073
2023-07-04,6613.4,6597.4,6572.8,6515.2,16.0,40.599999999999454,98.19999999999982,24.599999999999454,82.19999999999982,57.600000000000364
2023-07-03,6583.6,6570.2,6546.2,6494.6,13.400000000000546,37.400000000000546,89.0,24.0,75.59999999999945,51.599999999999454
2023-06-30,6575.0,6561.0,6537.8,6484.2,14.0,37.19999999999982,90.80000000000018,23.199999999999818,76.80000000000018,53.600000000000364
2023-06-29,6491.8,6473.0,6455.4,6401.0,18.800000000000182,36.400000000000546,90.80000000000018,17.600000000000364,72.0,54.399999999999636
2023-06-28,6463.0,6448.8,6430.6,6380.8,14.199999999999818,32.399999999999636,82.19999999999982,18.199999999999818,68.0,49.80000000000018
2023-06-27,6478.4,6462.4,6440.0,6382.4,16.0,38.399999999999636,96.0,22.399999999999636,80.0,57.600000000000364
2023-06-26,6427.2,6423.4,6399.6,6350.0,3.800000000000182,27.599999999999454,77.19999999999982,23.799999999999272,73.39999999999964,49.600000000000364
2023-06-21,6525.2,6510.6,6489.0,6440.0,14.599999999999454,36.19999999999982,85.19999999999982,21.600000000000364,70.60000000000036,49.0
2023-06-20,6652.2,6633.8,6608.0,6554.4,18.399999999999636,44.19999999999982,97.80000000000018,25.800000000000182,79.40000000000055,53.600000000000364
2023-06-19,6647.8,6629.0,6602.8,6550.8,18.800000000000182,45.0,97.0,26.199999999999818,78.19999999999982,52.0
2023-06-16,6665.4,6632.6,6597.6,6545.8,32.79999999999927,67.79999999999927,119.59999999999945,35.0,86.80000000000018,51.80000000000018
2023-06-15,6607.2,6585.0,6553.0,6495.6,22.199999999999818,54.19999999999982,111.59999999999945,32.0,89.39999999999964,57.399999999999636
2023-06-14,6566.6,6542.0,6507.0,6452.8,24.600000000000364,59.600000000000364,113.80000000000018,35.0,89.19999999999982,54.19999999999982
2023-06-13,6540.0,6520.2,6484.6,6432.4,19.800000000000182,55.399999999999636,107.60000000000036,35.599999999999454,87.80000000000018,52.20000000000073
2023-06-12,6513.2,6494.2,6456.2,6410.6,19.0,57.0,102.59999999999945,38.0,83.59999999999945,45.599999999999454
2023-06-09,6484.0,6465.8,6425.0,6383.8,18.199999999999818,59.0,100.19999999999982,40.80000000000018,82.0,41.19999999999982
2023-06-08,6438.4,6421.2,6387.4,6345.8,17.199999999999818,51.0,92.59999999999945,33.80000000000018,75.39999999999964,41.599999999999454
2023-06-07,6470.8,6454.8,6418.0,6378.4,16.0,52.80000000000018,92.40000000000055,36.80000000000018,76.40000000000055,39.600000000000364
2023-06-06,6467.8,6458.0,6416.4,6377.8,9.800000000000182,51.400000000000546,90.0,41.600000000000364,80.19999999999982,38.599999999999454
2023-06-05,6611.8,6594.0,6557.6,6518.8,17.800000000000182,54.19999999999982,93.0,36.399999999999636,75.19999999999982,38.80000000000018
2023-06-02,6612.4,6594.6,6558.4,6520.0,17.799999999999272,54.0,92.39999999999964,36.20000000000073,74.60000000000036,38.399999999999636
2023-06-01,6567.6,6548.0,6519.4,6485.0,19.600000000000364,48.20000000000073,82.60000000000036,28.600000000000364,63.0,34.399999999999636
2023-05-31,6547.0,6531.4,6494.8,6449.4,15.600000000000364,52.19999999999982,97.60000000000036,36.599999999999454,82.0,45.400000000000546
2023-05-30,6558.0,6538.8,6507.8,6468.4,19.199999999999818,50.19999999999982,89.60000000000036,31.0,70.40000000000055,39.400000000000546
2023-05-29,6525.4,6510.8,6475.0,6436.0,14.599999999999454,50.399999999999636,89.39999999999964,35.80000000000018,74.80000000000018,39.0
2023-05-26,6535.8,6517.4,6481.8,6440.6,18.400000000000546,54.0,95.19999999999982,35.599999999999454,76.79999999999927,41.19999999999982
2023-05-25,6476.8,6460.2,6431.0,6390.4,16.600000000000364,45.80000000000018,86.40000000000055,29.199999999999818,69.80000000000018,40.600000000000364
2023-05-24,6497.0,6482.0,6450.4,6409.0,15.0,46.600000000000364,88.0,31.600000000000364,73.0,41.399999999999636
2023-05-23,6513.0,6492.6,6469.4,6421.0,20.399999999999636,43.600000000000364,92.0,23.200000000000728,71.60000000000036,48.399999999999636
2023-05-22,6578.2,6564.4,6527.0,6480.0,13.800000000000182,51.19999999999982,98.19999999999982,37.399999999999636,84.39999999999964,47.0
2023-05-19,6601.2,6590.6,6538.4,6487.0,10.599999999999454,62.80000000000018,114.19999999999982,52.20000000000073,103.60000000000036,51.399999999999636
2023-05-18,6578.6,6551.8,6496.8,6447.8,26.800000000000182,81.80000000000018,130.80000000000018,55.0,104.0,49.0
2023-05-17,6544.8,6521.0,6463.0,6415.6,23.800000000000182,81.80000000000018,129.19999999999982,58.0,105.39999999999964,47.399999999999636
2023-05-16,6519.2,6499.6,6445.4,6397.0,19.599999999999454,73.80000000000018,122.19999999999982,54.20000000000073,102.60000000000036,48.399999999999636
2023-05-15,6577.2,6557.2,6498.8,6450.8,20.0,78.39999999999964,126.39999999999964,58.399999999999636,106.39999999999964,48.0
2023-05-12,6538.6,6520.0,6465.8,6415.8,18.600000000000364,72.80000000000018,122.80000000000018,54.19999999999982,104.19999999999982,50.0
2023-05-11,6615.6,6595.8,6534.0,6482.2,19.800000000000182,81.60000000000036,133.40000000000055,61.80000000000018,113.60000000000036,51.80000000000018
2023-05-10,6624.4,6603.6,6538.0,6488.0,20.799999999999272,86.39999999999964,136.39999999999964,65.60000000000036,115.60000000000036,50.0
2023-05-09,6613.6,6592.8,6532.6,6482.4,20.800000000000182,81.0,131.20000000000073,60.19999999999982,110.40000000000055,50.20000000000073
2023-05-08,6687.8,6662.0,6594.2,6548.0,25.800000000000182,93.60000000000036,139.80000000000018,67.80000000000018,114.0,46.19999999999982
2023-05-05,6650.0,6628.6,6562.2,6501.0,21.399999999999636,87.80000000000018,149.0,66.40000000000055,127.60000000000036,61.19999999999982
2023-05-04,6725.2,6702.0,6637.4,6580.2,23.199999999999818,87.80000000000018,145.0,64.60000000000036,121.80000000000018,57.19999999999982
2023-04-28,6738.4,6718.8,6653.0,6596.0,19.599999999999454,85.39999999999964,142.39999999999964,65.80000000000018,122.80000000000018,57.0
2023-04-27,6647.6,6628.2,6565.2,6495.0,19.400000000000546,82.40000000000055,152.60000000000036,63.0,133.19999999999982,70.19999999999982
2023-04-26,6629.0,6607.8,6540.0,6470.0,21.199999999999818,89.0,159.0,67.80000000000018,137.80000000000018,70.0
2023-04-25,6612.0,6592.8,6524.8,6450.2,19.199999999999818,87.19999999999982,161.80000000000018,68.0,142.60000000000036,74.60000000000036
2023-04-24,6722.2,6687.4,6610.4,6516.0,34.80000000000018,111.80000000000018,206.19999999999982,77.0,171.39999999999964,94.39999999999964
2023-04-21,6813.4,6770.2,6732.2,6650.0,43.19999999999982,81.19999999999982,163.39999999999964,38.0,120.19999999999982,82.19999999999982
2023-04-20,6955.8,6929.0,6899.0,6814.8,26.800000000000182,56.80000000000018,141.0,30.0,114.19999999999982,84.19999999999982
2023-04-19,6955.2,6930.2,6897.0,6815.0,25.0,58.19999999999982,140.19999999999982,33.19999999999982,115.19999999999982,82.0
2023-04-18,6980.2,6959.0,6925.0,6838.0,21.199999999999818,55.19999999999982,142.19999999999982,34.0,121.0,87.0
2023-04-17,7009.6,6989.6,6955.2,6865.0,20.0,54.400000000000546,144.60000000000036,34.400000000000546,124.60000000000036,90.19999999999982
2023-04-14,7004.2,6986.0,6946.8,6856.2,18.199999999999818,57.399999999999636,148.0,39.19999999999982,129.80000000000018,90.60000000000036
2023-04-13,6967.0,6944.6,6913.0,6823.2,22.399999999999636,54.0,143.80000000000018,31.600000000000364,121.40000000000055,89.80000000000018
2023-04-12,7002.2,6980.6,6942.0,6855.0,21.599999999999454,60.19999999999982,147.19999999999982,38.600000000000364,125.60000000000036,87.0
2023-04-11,6972.4,6950.8,6912.4,6830.2,21.599999999999454,60.0,142.19999999999982,38.400000000000546,120.60000000000036,82.19999999999982
2023-04-10,6971.0,6953.4,6919.0,6835.0,17.600000000000364,52.0,136.0,34.399999999999636,118.39999999999964,84.0
2023-04-07,7026.2,7003.2,6959.8,6860.6,23.0,66.39999999999964,165.59999999999945,43.399999999999636,142.59999999999945,99.19999999999982
2023-04-06,6959.4,6933.6,6895.2,6802.0,25.799999999999272,64.19999999999982,157.39999999999964,38.400000000000546,131.60000000000036,93.19999999999982
2023-04-04,6950.2,6929.4,6891.8,6802.0,20.800000000000182,58.399999999999636,148.19999999999982,37.599999999999454,127.39999999999964,89.80000000000018
2023-04-03,6940.0,6918.8,6878.2,6793.2,21.199999999999818,61.80000000000018,146.80000000000018,40.600000000000364,125.60000000000036,85.0
2023-03-31,6873.8,6852.4,6818.8,6725.0,21.400000000000546,55.0,148.80000000000018,33.599999999999454,127.39999999999964,93.80000000000018
2023-03-30,6821.6,6804.0,6767.2,6673.8,17.600000000000364,54.400000000000546,147.80000000000018,36.80000000000018,130.19999999999982,93.39999999999964
2023-03-29,6806.0,6789.2,6750.8,6659.2,16.800000000000182,55.19999999999982,146.80000000000018,38.399999999999636,130.0,91.60000000000036
2023-03-28,6827.4,6806.8,6770.0,6670.6,20.599999999999454,57.399999999999636,156.79999999999927,36.80000000000018,136.19999999999982,99.39999999999964
2023-03-27,6860.0,6834.6,6797.4,6695.0,25.399999999999636,62.600000000000364,165.0,37.20000000000073,139.60000000000036,102.39999999999964
2023-03-24,6857.0,6829.8,6790.8,6688.6,27.199999999999818,66.19999999999982,168.39999999999964,39.0,141.19999999999982,102.19999999999982
2023-03-23,6850.4,6822.0,6782.6,6674.0,28.399999999999636,67.79999999999927,176.39999999999964,39.399999999999636,148.0,108.60000000000036
2023-03-22,6825.6,6803.4,6761.4,6651.0,22.200000000000728,64.20000000000073,174.60000000000036,42.0,152.39999999999964,110.39999999999964
2023-03-21,6791.4,6769.0,6727.0,6624.8,22.399999999999636,64.39999999999964,166.59999999999945,42.0,144.19999999999982,102.19999999999982
2023-03-20,6719.8,6701.4,6655.0,6549.0,18.400000000000546,64.80000000000018,170.80000000000018,46.399999999999636,152.39999999999964,106.0
2023-03-17,6748.4,6726.0,6663.6,6553.8,22.399999999999636,84.79999999999927,194.59999999999945,62.399999999999636,172.19999999999982,109.80000000000018
2023-03-16,6706.0,6679.0,6618.2,6490.0,27.0,87.80000000000018,216.0,60.80000000000018,189.0,128.19999999999982
2023-03-15,6807.2,6775.4,6712.0,6592.8,31.800000000000182,95.19999999999982,214.39999999999964,63.399999999999636,182.59999999999945,119.19999999999982
2023-03-14,6775.8,6745.8,6673.8,6562.0,30.0,102.0,213.80000000000018,72.0,183.80000000000018,111.80000000000018
2023-03-13,6832.6,6802.0,6726.8,6618.8,30.600000000000364,105.80000000000018,213.80000000000018,75.19999999999982,183.19999999999982,108.0
2023-03-10,6798.4,6769.8,6696.8,6586.8,28.599999999999454,101.59999999999945,211.59999999999945,73.0,183.0,110.0
2023-03-09,6878.6,6853.2,6771.2,6662.0,25.400000000000546,107.40000000000055,216.60000000000036,82.0,191.19999999999982,109.19999999999982
2023-03-08,6871.0,6847.8,6766.0,6660.0,23.199999999999818,105.0,211.0,81.80000000000018,187.80000000000018,106.0
2023-03-07,6846.8,6826.0,6746.2,6640.6,20.800000000000182,100.60000000000036,206.19999999999982,79.80000000000018,185.39999999999964,105.59999999999945
2023-03-06,6956.4,6930.0,6848.8,6740.0,26.399999999999636,107.59999999999945,216.39999999999964,81.19999999999982,190.0,108.80000000000018
2023-03-03,6942.0,6919.4,6841.6,6738.0,22.600000000000364,100.39999999999964,204.0,77.79999999999927,181.39999999999964,103.60000000000036
2023-03-02,6961.6,6937.0,6859.6,6755.4,24.600000000000364,102.0,206.20000000000073,77.39999999999964,181.60000000000036,104.20000000000073
2023-03-01,6980.6,6955.6,6877.6,6768.6,25.0,103.0,212.0,78.0,187.0,109.0
2023-02-28,6937.4,6913.2,6830.0,6730.0,24.199999999999818,107.39999999999964,207.39999999999964,83.19999999999982,183.19999999999982,100.0
2023-02-27,6879.2,6856.6,6767.2,6668.6,22.599999999999454,112.0,210.59999999999945,89.40000000000055,188.0,98.59999999999945
2023-02-24,6928.6,6902.0,6822.4,6725.8,26.600000000000364,106.20000000000073,202.80000000000018,79.60000000000036,176.19999999999982,96.59999999999945
2023-02-23,6944.8,6918.6,6837.2,6739.0,26.199999999999818,107.60000000000036,205.80000000000018,81.40000000000055,179.60000000000036,98.19999999999982
2023-02-22,6968.0,6941.8,6855.8,6758.2,26.199999999999818,112.19999999999982,209.80000000000018,86.0,183.60000000000036,97.60000000000036
2023-02-21,6935.2,6907.0,6834.8,6738.8,28.199999999999818,100.39999999999964,196.39999999999964,72.19999999999982,168.19999999999982,96.0
2023-02-20,6922.0,6898.2,6813.0,6727.8,23.800000000000182,109.0,194.19999999999982,85.19999999999982,170.39999999999964,85.19999999999982
2023-02-17,6884.8,6849.8,6759.4,6673.0,35.0,125.40000000000055,211.80000000000018,90.40000000000055,176.80000000000018,86.39999999999964
2023-02-16,6929.4,6909.2,6815.0,6726.0,20.199999999999818,114.39999999999964,203.39999999999964,94.19999999999982,183.19999999999982,89.0
2023-02-15,7049.8,7030.4,6931.8,6836.0,19.400000000000546,118.0,213.80000000000018,98.59999999999945,194.39999999999964,95.80000000000018
2023-02-14,7055.6,7037.8,6945.4,6853.2,17.800000000000182,110.20000000000073,202.40000000000055,92.40000000000055,184.60000000000036,92.19999999999982
2023-02-13,7039.6,7022.4,6928.2,6842.2,17.200000000000728,111.40000000000055,197.40000000000055,94.19999999999982,180.19999999999982,86.0
2023-02-10,6977.6,6969.2,6877.4,6794.2,8.400000000000546,100.20000000000073,183.40000000000055,91.80000000000018,175.0,83.19999999999982
2023-02-09,7020.8,7018.6,6928.0,6839.4,2.199999999999818,92.80000000000018,181.40000000000055,90.60000000000036,179.20000000000073,88.60000000000036
2023-02-08,6865.8,6850.0,6751.4,6662.0,15.800000000000182,114.40000000000055,203.80000000000018,98.60000000000036,188.0,89.39999999999964
2023-02-07,6912.8,6899.2,6798.0,6698.8,13.600000000000364,114.80000000000018,214.0,101.19999999999982,200.39999999999964,99.19999999999982
2023-02-06,6893.6,6889.2,6782.8,6691.2,4.400000000000546,110.80000000000018,202.40000000000055,106.39999999999964,198.0,91.60000000000036
2023-02-03,6920.0,6911.6,6806.6,6716.8,8.399999999999636,113.39999999999964,203.19999999999982,105.0,194.80000000000018,89.80000000000018
2023-02-02,6928.0,6930.0,6833.8,6754.6,-2.0,94.19999999999982,173.39999999999964,96.19999999999982,175.39999999999964,79.19999999999982
2023-02-01,6922.6,6924.0,6825.4,6752.2,-1.3999999999996362,97.20000000000073,170.40000000000055,98.60000000000036,171.80000000000018,73.19999999999982
2023-01-31,6818.0,6828.8,6737.4,6666.0,-10.800000000000182,80.60000000000036,152.0,91.40000000000055,162.80000000000018,71.39999999999964
2023-01-30,6792.8,6792.2,6698.6,6621.4,0.6000000000003638,94.19999999999982,171.40000000000055,93.59999999999945,170.80000000000018,77.20000000000073
2023-01-20,6728.2,6777.6,6767.8,6665.0,-49.400000000000546,-39.600000000000364,63.19999999999982,9.800000000000182,112.60000000000036,102.80000000000018
2023-01-19,6687.4,6717.0,6715.0,6613.2,-29.600000000000364,-27.600000000000364,74.19999999999982,2.0,103.80000000000018,101.80000000000018
2023-01-18,6621.2,6637.8,6633.2,6528.8,-16.600000000000364,-12.0,92.39999999999964,4.600000000000364,109.0,104.39999999999964
2023-01-17,6608.2,6608.6,6596.6,6490.8,-0.4000000000005457,11.599999999999454,117.39999999999964,12.0,117.80000000000018,105.80000000000018
2023-01-16,6597.4,6593.4,6573.0,6467.6,4.0,24.399999999999636,129.79999999999927,20.399999999999636,125.79999999999927,105.39999999999964
2023-01-13,6542.4,6534.0,6511.0,6401.4,8.399999999999636,31.399999999999636,141.0,23.0,132.60000000000036,109.60000000000036
2023-01-12,6492.0,6475.6,6450.4,6338.8,16.399999999999636,41.600000000000364,153.19999999999982,25.200000000000728,136.80000000000018,111.59999999999945
2023-01-11,6494.4,6472.4,6438.2,6328.0,22.0,56.19999999999982,166.39999999999964,34.19999999999982,144.39999999999964,110.19999999999982
2023-01-10,6532.2,6512.6,6477.2,6363.8,19.599999999999454,55.0,168.39999999999964,35.400000000000546,148.80000000000018,113.39999999999964
2023-01-09,6518.2,6493.0,6462.8,6351.2,25.199999999999818,55.399999999999636,167.0,30.199999999999818,141.80000000000018,111.60000000000036
2023-01-06,6505.2,6483.4,6451.0,6344.0,21.800000000000182,54.19999999999982,161.19999999999982,32.399999999999636,139.39999999999964,107.0
2023-01-05,6490.4,6464.6,6432.0,6323.8,25.799999999999272,58.399999999999636,166.59999999999945,32.600000000000364,140.80000000000018,108.19999999999982
2023-01-04,6414.4,6389.8,6359.0,6253.0,24.599999999999454,55.399999999999636,161.39999999999964,30.800000000000182,136.80000000000018,106.0
2023-01-03,6420.0,6397.0,6366.0,6264.2,23.0,54.0,155.80000000000018,31.0,132.80000000000018,101.80000000000018
2022-12-30,6285.8,6274.0,6246.2,6152.0,11.800000000000182,39.600000000000364,133.80000000000018,27.800000000000182,122.0,94.19999999999982
2022-12-29,6269.2,6257.6,6235.0,6149.0,11.599999999999454,34.19999999999982,120.19999999999982,22.600000000000364,108.60000000000036,86.0
2022-12-28,6293.4,6278.2,6261.2,6179.6,15.199999999999818,32.19999999999982,113.79999999999927,17.0,98.59999999999945,81.59999999999945
2022-12-27,6336.2,6319.2,6297.8,6211.0,17.0,38.399999999999636,125.19999999999982,21.399999999999636,108.19999999999982,86.80000000000018
2022-12-26,6285.2,6268.8,6254.0,6170.0,16.399999999999636,31.199999999999818,115.19999999999982,14.800000000000182,98.80000000000018,84.0
2022-12-23,6165.2,6146.6,6127.0,6053.2,18.599999999999454,38.19999999999982,112.0,19.600000000000364,93.40000000000055,73.80000000000018
2022-12-22,6206.0,6195.0,6173.6,6088.8,11.0,32.399999999999636,117.19999999999982,21.399999999999636,106.19999999999982,84.80000000000018
2022-12-21,6302.2,6288.8,6260.2,6166.4,13.399999999999636,42.0,135.80000000000018,28.600000000000364,122.40000000000055,93.80000000000018
2022-12-20,6350.4,6330.6,6306.4,6203.4,19.799999999999272,44.0,147.0,24.200000000000728,127.20000000000073,103.0
2022-12-19,6417.0,6392.4,6365.0,6261.0,24.600000000000364,52.0,156.0,27.399999999999636,131.39999999999964,104.0
2022-12-16,6515.0,6531.8,6476.0,6368.0,-16.800000000000182,39.0,147.0,55.80000000000018,163.80000000000018,108.0
2022-12-15,6600.6,6567.0,6506.2,6394.2,33.600000000000364,94.40000000000055,206.40000000000055,60.80000000000018,172.80000000000018,112.0
2022-12-14,6573.6,6539.0,6474.8,6358.4,34.600000000000364,98.80000000000018,215.20000000000073,64.19999999999982,180.60000000000036,116.40000000000055
2022-12-13,6604.8,6580.0,6521.0,6410.0,24.800000000000182,83.80000000000018,194.80000000000018,59.0,170.0,111.0
2022-12-12,6654.6,6632.0,6565.8,6454.2,22.600000000000364,88.80000000000018,200.40000000000055,66.19999999999982,177.80000000000018,111.60000000000036
2022-12-09,6684.8,6649.8,6586.8,6472.4,35.0,98.0,212.40000000000055,63.0,177.40000000000055,114.40000000000055
2022-12-08,6663.8,6634.0,6572.2,6455.4,29.800000000000182,91.60000000000036,208.40000000000055,61.80000000000018,178.60000000000036,116.80000000000018
2022-12-07,6695.2,6668.8,6609.6,6491.8,26.399999999999636,85.59999999999945,203.39999999999964,59.19999999999982,177.0,117.80000000000018
2022-12-06,6697.8,6673.4,6611.4,6496.2,24.400000000000546,86.40000000000055,201.60000000000036,62.0,177.19999999999982,115.19999999999982
2022-12-05,6703.0,6683.2,6621.6,6508.2,19.800000000000182,81.39999999999964,194.80000000000018,61.599999999999454,175.0,113.40000000000055
2022-12-02,6681.8,6661.0,6606.2,6508.4,20.800000000000182,75.60000000000036,173.40000000000055,54.80000000000018,152.60000000000036,97.80000000000018
2022-12-01,6662.0,6640.2,6585.0,6483.6,21.800000000000182,77.0,178.39999999999964,55.19999999999982,156.59999999999945,101.39999999999964
2022-11-30,6582.8,6556.4,6496.4,6394.0,26.400000000000546,86.40000000000055,188.80000000000018,60.0,162.39999999999964,102.39999999999964
2022-11-29,6597.0,6575.2,6520.2,6418.6,21.800000000000182,76.80000000000018,178.39999999999964,55.0,156.59999999999945,101.59999999999945
2022-11-28,6492.0,6466.8,6407.0,6302.8,25.199999999999818,85.0,189.19999999999982,59.80000000000018,164.0,104.19999999999982
2022-11-25,6497.0,6472.8,6414.8,6306.2,24.199999999999818,82.19999999999982,190.80000000000018,58.0,166.60000000000036,108.60000000000036
2022-11-24,6559.2,6536.2,6475.2,6371.4,23.0,84.0,187.80000000000018,61.0,164.80000000000018,103.80000000000018
2022-11-23,6553.4,6528.2,6476.0,6371.2,25.199999999999818,77.39999999999964,182.19999999999982,52.19999999999982,157.0,104.80000000000018
2022-11-22,6557.2,6535.6,6479.2,6369.0,21.599999999999454,78.0,188.19999999999982,56.400000000000546,166.60000000000036,110.19999999999982
2022-11-21,6685.0,6671.6,6624.4,6528.2,13.399999999999636,60.600000000000364,156.80000000000018,47.20000000000073,143.40000000000055,96.19999999999982
2022-11-18,6699.4,6646.4,6583.4,6485.8,53.0,116.0,213.59999999999945,63.0,160.59999999999945,97.59999999999945
2022-11-17,6715.2,6707.0,6635.8,6537.0,8.199999999999818,79.39999999999964,178.19999999999982,71.19999999999982,170.0,98.80000000000018
2022-11-16,6698.2,6684.2,6607.4,6504.8,14.0,90.80000000000018,193.39999999999964,76.80000000000018,179.39999999999964,102.59999999999945
2022-11-15,6753.0,6742.8,6661.2,6565.4,10.199999999999818,91.80000000000018,187.60000000000036,81.60000000000036,177.40000000000055,95.80000000000018
2022-11-14,6592.2,6578.0,6502.4,6408.0,14.199999999999818,89.80000000000018,184.19999999999982,75.60000000000036,170.0,94.39999999999964
2022-11-11,6645.0,6630.2,6555.6,6450.0,14.800000000000182,89.39999999999964,195.0,74.59999999999945,180.19999999999982,105.60000000000036
2022-11-10,6616.0,6596.2,6511.0,6406.0,19.800000000000182,105.0,210.0,85.19999999999982,190.19999999999982,105.0
2022-11-09,6674.8,6658.2,6565.0,6456.0,16.600000000000364,109.80000000000018,218.80000000000018,93.19999999999982,202.19999999999982,109.0
2022-11-08,6707.6,6681.0,6578.8,6463.2,26.600000000000364,128.80000000000018,244.40000000000055,102.19999999999982,217.80000000000018,115.60000000000036
2022-11-07,6711.8,6686.6,6583.2,6466.0,25.199999999999818,128.60000000000036,245.80000000000018,103.40000000000055,220.60000000000036,117.19999999999982
2022-11-04,6746.6,6717.0,6606.6,6477.8,29.600000000000364,140.0,268.8000000000002,110.39999999999964,239.19999999999982,128.80000000000018
2022-11-03,6563.4,6532.4,6407.4,6272.6,31.0,156.0,290.7999999999993,125.0,259.7999999999993,134.79999999999927
2022-11-02,6532.0,6502.6,6390.8,6260.8,29.399999999999636,141.19999999999982,271.1999999999998,111.80000000000018,241.80000000000018,130.0
2022-11-01,6471.0,6434.2,6315.4,6184.4,36.80000000000018,155.60000000000036,286.60000000000036,118.80000000000018,249.80000000000018,131.0
2022-10-31,6286.6,6250.0,6128.0,5996.0,36.600000000000364,158.60000000000036,290.60000000000036,122.0,254.0,132.0
2022-10-28,6224.2,6198.4,6095.0,5966.0,25.800000000000182,129.19999999999982,258.1999999999998,103.39999999999964,232.39999999999964,129.0
2022-10-27,6473.0,6442.2,6324.4,6192.8,30.800000000000182,148.60000000000036,280.1999999999998,117.80000000000018,249.39999999999964,131.59999999999945
2022-10-26,6500.6,6465.2,6332.0,6196.0,35.400000000000546,168.60000000000036,304.60000000000036,133.19999999999982,269.1999999999998,136.0
2022-10-25,6340.8,6300.2,6168.2,6033.8,40.600000000000364,172.60000000000036,307.0,132.0,266.39999999999964,134.39999999999964
2022-10-24,6360.0,6308.8,6179.8,6034.8,51.19999999999982,180.19999999999982,325.1999999999998,129.0,274.0,145.0
2022-10-21,6440.0,6377.4,6322.6,6181.0,62.600000000000364,117.39999999999964,259.0,54.79999999999927,196.39999999999964,141.60000000000036
2022-10-20,6445.8,6366.0,6310.4,6175.2,79.80000000000018,135.40000000000055,270.60000000000036,55.600000000000364,190.80000000000018,135.19999999999982
2022-10-19,6462.4,6409.4,6363.0,6216.4,53.0,99.39999999999964,246.0,46.399999999999636,193.0,146.60000000000036
2022-10-18,6497.2,6447.4,6395.4,6254.0,49.80000000000018,101.80000000000018,243.19999999999982,52.0,193.39999999999964,141.39999999999964
2022-10-17,6448.0,6400.0,6360.4,6220.0,48.0,87.60000000000036,228.0,39.600000000000364,180.0,140.39999999999964
2022-10-14,6418.0,6373.2,6326.6,6189.0,44.80000000000018,91.39999999999964,229.0,46.599999999999454,184.19999999999982,137.60000000000036
2022-10-13,6242.4,6191.0,6147.8,6023.2,51.399999999999636,94.59999999999945,219.19999999999982,43.19999999999982,167.80000000000018,124.60000000000036
2022-10-12,6169.2,6129.0,6074.0,5935.8,40.19999999999982,95.19999999999982,233.39999999999964,55.0,193.19999999999982,138.19999999999982
2022-10-11,5994.2,5946.6,5900.6,5777.8,47.599999999999454,93.59999999999945,216.39999999999964,46.0,168.80000000000018,122.80000000000018
2022-10-10,5976.0,5929.2,5885.0,5763.8,46.80000000000018,91.0,212.19999999999982,44.19999999999982,165.39999999999964,121.19999999999982
2022-09-30,6103.0,6065.2,6021.0,5893.0,37.80000000000018,82.0,210.0,44.19999999999982,172.19999999999982,128.0
2022-09-29,6232.4,6190.6,6149.2,6037.6,41.79999999999927,83.19999999999982,194.79999999999927,41.400000000000546,153.0,111.59999999999945
2022-09-28,6202.6,6162.4,6122.0,6014.2,40.20000000000073,80.60000000000036,188.40000000000055,40.399999999999636,148.19999999999982,107.80000000000018
2022-09-27,6398.8,6350.2,6300.0,6178.6,48.600000000000364,98.80000000000018,220.19999999999982,50.19999999999982,171.59999999999945,121.39999999999964
2022-09-26,6255.0,6205.0,6159.0,6035.2,50.0,96.0,219.80000000000018,46.0,169.80000000000018,123.80000000000018
2022-09-23,6323.4,6271.8,6222.6,6094.4,51.599999999999454,100.79999999999927,229.0,49.19999999999982,177.40000000000055,128.20000000000073
2022-09-22,6435.8,6377.0,6321.4,6185.8,58.80000000000018,114.40000000000055,250.0,55.600000000000364,191.19999999999982,135.59999999999945
2022-09-21,6412.6,6345.2,6283.2,6128.4,67.40000000000055,129.40000000000055,284.2000000000007,62.0,216.80000000000018,154.80000000000018
2022-09-20,6388.8,6323.8,6259.2,6103.8,65.0,129.60000000000036,285.0,64.60000000000036,220.0,155.39999999999964
2022-09-19,6298.2,6236.8,6177.8,6024.4,61.399999999999636,120.39999999999964,273.8000000000002,59.0,212.40000000000055,153.40000000000055
2022-09-16,6529.4,6383.2,6273.0,6131.4,146.19999999999982,256.39999999999964,398.0,110.19999999999982,251.80000000000018,141.60000000000036
2022-09-15,6596.4,6518.6,6410.0,6258.6,77.79999999999927,186.39999999999964,337.7999999999993,108.60000000000036,260.0,151.39999999999964
2022-09-14,6826.0,6767.0,6663.0,6509.8,59.0,163.0,316.1999999999998,104.0,257.1999999999998,153.19999999999982
2022-09-13,6891.4,6836.4,6732.0,6583.4,55.0,159.39999999999964,308.0,104.39999999999964,253.0,148.60000000000036
2022-09-09,6913.0,6857.8,6761.0,6610.6,55.19999999999982,152.0,302.39999999999964,96.80000000000018,247.19999999999982,150.39999999999964
2022-09-08,6874.4,6816.2,6712.4,6557.4,58.19999999999982,162.0,317.0,103.80000000000018,258.8000000000002,155.0
2022-09-07,6920.2,6863.0,6760.0,6603.0,57.19999999999982,160.19999999999982,317.1999999999998,103.0,260.0,157.0
2022-09-06,6879.8,6826.0,6722.4,6566.8,53.80000000000018,157.40000000000055,313.0,103.60000000000036,259.1999999999998,155.59999999999945
2022-09-05,6747.2,6695.2,6589.4,6432.2,52.0,157.80000000000018,315.0,105.80000000000018,263.0,157.19999999999982
2022-09-02,6730.2,6676.2,6566.0,6413.8,54.0,164.19999999999982,316.39999999999964,110.19999999999982,262.39999999999964,152.19999999999982
2022-09-01,6682.6,6628.6,6520.2,6361.0,54.0,162.40000000000055,321.60000000000036,108.40000000000055,267.60000000000036,159.19999999999982
2022-08-31,6710.2,6657.0,6549.8,6385.6,53.19999999999982,160.39999999999964,324.59999999999945,107.19999999999982,271.39999999999964,164.19999999999982
2022-08-30,6941.0,6884.6,6774.0,6607.2,56.399999999999636,167.0,333.8000000000002,110.60000000000036,277.40000000000055,166.80000000000018
2022-08-29,6950.0,6893.8,6787.0,6618.0,56.19999999999982,163.0,332.0,106.80000000000018,275.8000000000002,169.0
2022-08-26,6911.6,6856.2,6747.8,6584.6,55.400000000000546,163.80000000000018,327.0,108.39999999999964,271.59999999999945,163.19999999999982
2022-08-25,6940.4,6888.4,6775.2,6611.6,52.0,165.19999999999982,328.7999999999993,113.19999999999982,276.7999999999993,163.59999999999945
2022-08-24,6969.8,6915.0,6805.0,6648.8,54.80000000000018,164.80000000000018,321.0,110.0,266.1999999999998,156.19999999999982
2022-08-23,7253.6,7199.6,7093.0,6930.4,54.0,160.60000000000036,323.2000000000007,106.60000000000036,269.2000000000007,162.60000000000036
2022-08-22,7232.4,7180.2,7079.0,6925.0,52.19999999999982,153.39999999999964,307.39999999999964,101.19999999999982,255.19999999999982,154.0
2022-08-19,7277.8,7186.4,7036.2,6890.0,91.40000000000055,241.60000000000036,387.8000000000002,150.19999999999982,296.39999999999964,146.19999999999982
2022-08-18,7358.8,7316.6,7161.6,7010.8,42.19999999999982,197.19999999999982,348.0,155.0,305.8000000000002,150.80000000000018
2022-08-17,7327.6,7278.2,7127.2,6969.0,49.400000000000546,200.40000000000055,358.60000000000036,151.0,309.1999999999998,158.19999999999982
2022-08-16,7311.0,7263.0,7103.2,6945.0,48.0,207.80000000000018,366.0,159.80000000000018,318.0,158.19999999999982
2022-08-15,7266.0,7215.8,7058.2,6909.8,50.19999999999982,207.80000000000018,356.1999999999998,157.60000000000036,306.0,148.39999999999964
2022-08-12,7222.4,7170.2,7014.2,6866.8,52.19999999999982,208.19999999999982,355.59999999999945,156.0,303.39999999999964,147.39999999999964
2022-08-11,7284.8,7228.8,7069.2,6918.2,56.0,215.60000000000036,366.60000000000036,159.60000000000036,310.60000000000036,151.0
2022-08-10,7168.4,7115.0,6950.8,6796.0,53.399999999999636,217.59999999999945,372.39999999999964,164.19999999999982,319.0,154.80000000000018
2022-08-09,7160.6,7106.6,6940.4,6789.0,54.0,220.20000000000073,371.60000000000036,166.20000000000073,317.60000000000036,151.39999999999964
2022-08-08,7132.2,7081.2,6922.0,6770.0,51.0,210.19999999999982,362.1999999999998,159.19999999999982,311.1999999999998,152.0
2022-08-05,7080.0,7026.6,6872.8,6730.8,53.399999999999636,207.19999999999982,349.1999999999998,153.80000000000018,295.8000000000002,142.0
2022-08-04,6890.8,6843.0,6687.6,6537.6,47.80000000000018,203.19999999999982,353.1999999999998,155.39999999999964,305.39999999999964,150.0
2022-08-03,6882.8,6841.8,6688.8,6536.8,41.0,194.0,346.0,153.0,305.0,152.0
2022-08-02,6948.2,6905.0,6767.0,6612.0,43.19999999999982,181.19999999999982,336.1999999999998,138.0,293.0,155.0
2022-08-01,7136.6,7087.4,6930.0,6778.6,49.20000000000073,206.60000000000036,358.0,157.39999999999964,308.7999999999993,151.39999999999964
2022-07-29,7087.0,7044.8,6891.8,6749.0,42.19999999999982,195.19999999999982,338.0,153.0,295.8000000000002,142.80000000000018
2022-07-28,7119.0,7074.0,6923.0,6787.6,45.0,196.0,331.39999999999964,151.0,286.39999999999964,135.39999999999964
2022-07-27,7066.2,7015.0,6856.6,6715.0,51.19999999999982,209.59999999999945,351.1999999999998,158.39999999999964,300.0,141.60000000000036
2022-07-26,6991.0,6937.0,6777.2,6624.0,54.0,213.80000000000018,367.0,159.80000000000018,313.0,153.19999999999982
2022-07-25,6878.6,6823.0,6670.0,6515.0,55.600000000000364,208.60000000000036,363.60000000000036,153.0,308.0,155.0
2022-07-22,6956.6,6901.2,6737.0,6588.0,55.400000000000546,219.60000000000036,368.60000000000036,164.19999999999982,313.1999999999998,149.0
