"ts_code","trade_date","close","pre_close","pre_settle","open","high","low","settle","change1","change2","vol","amount","oi","oi_chg","delv_settle"
"IML.CFX","20250530","5966","6031","6019","6001.2","6004.2","5932","5957.4","-53","-61.6","130165","15513936.428","168201","",""
"IML.CFX","20250529","6031","5899","5892.6","5914.8","6031.4","5906","6019","138.4","126.4","166397","19922561.444","187832","",""
"IML.CFX","20250528","5899","5915","5918","5925","5944.8","5873.6","5892.6","-19","-25.4","120232","14186425.448","175258","",""
"IML.CFX","20250527","5915","5925","5921.2","5918","5936","5861.2","5918","-6.2","-3.2","140778","16603735.648","186517","",""
"IML.CFX","20250526","5925","5872","5896.2","5880","5941.4","5871","5921.2","28.8","25","133893","15827248.004","181503","",""
"IML.CFX","20250523","5872","5950","5949.2","5949","5998","5871","5896.2","-77.2","-53","167101","19846785.764","194014","",""
"IML.CFX","20250522","5950","6000.6","5998.6","5986","6037.8","5930","5949.2","-48.6","-49.4","148619","17742710.568","195203","",""
"IML.CFX","20250521","6000.6","6019.4","6011.6","6009","6018","5974","5998.6","-11","-13","111291","13346719.268","180860","",""
"IML.CFX","20250520","6019.4","5975.4","5966.6","5984","6028","5943","6011.6","52.8","45","124540","14915575.332","184920","",""
"IML.CFX","20250519","5975.4","6081.4","5948.8","5940","5976.8","5870.2","5966.6","26.6","17.8","140984","16713535.24","192261","",""
"IML.CFX","20250516","6081.4","6058.2","6059.4","6054.6","6102.6","6042","6081.5","22","22.1","20693","2515453.432","0","",""
"IML.CFX","20250515","6058.2","6156.6","6141.6","6139","6143.8","6045.8","6059.4","-83.4","-82.2","33911","4124346.892","23664","",""
"IML.CFX","20250514","6156.6","6126.8","6126.4","6138","6204.4","6096","6141.6","30.2","15.2","49231","6044768.008","39302","",""
"IML.CFX","20250513","6126.8","6151.6","6137.2","6160","6190","6111.2","6126.4","-10.4","-10.8","41265","5068274.256","46636","",""
"IML.CFX","20250512","6151.6","6056.2","6057.6","6119.6","6153","6084.4","6137.2","94","79.6","40716","4984593.32","51530","",""
"IML.CFX","20250509","6056.2","6127.6","6123.4","6112","6119.2","6022.2","6057.6","-67.2","-65.8","39573","4797618.188","58057","",""
"IML.CFX","20250508","6127.6","6065.2","6052.4","6062.6","6147","6055","6123.4","75.2","71","39672","4851051.932","58969","",""
"IML.CFX","20250507","6065.2","6059.6","6052","6161","6190.6","6026.2","6052.4","13.2","0.4","51450","6273633.516","66811","",""
"IML.CFX","20250506","6059.6","5905.4","5914.8","5955","6063","5954","6052","144.8","137.2","38439","4628850.952","60416","",""
"IML.CFX","20250430","5905.4","5868","5864.8","5875.6","5932.8","5870.2","5914.8","40.6","50","36606","4327484.224","61187","",""
"IML.CFX","20250429","5868","5828.2","5833","5814.8","5884.4","5795.2","5864.8","35","31.8","38130","4462991.872","63293","",""
"IML.CFX","20250428","5828.2","5885","5884.2","5885.2","5893.4","5797.2","5833","-56","-51.2","41309","4819669.38","68029","",""
"IML.CFX","20250425","5885","5866","5862.2","5883","5939.8","5842","5884.2","22.8","22","46320","5460761.448","67109","",""
"IML.CFX","20250424","5866","5915.8","5919.4","5910.2","5923.2","5831.2","5862.2","-53.4","-57.2","44305","5206753.464","66410","",""
"IML.CFX","20250423","5915.8","5870","5882.6","5918.8","5974.4","5890.8","5919.4","33.2","36.8","48928","5802004.4","67895","",""
"IML.CFX","20250422","5870","5867.4","5869.6","5870","5904.8","5835.2","5882.6","0.4","13","42827","5025662.456","67656","",""
"IML.CFX","20250421","5867.4","5826.4","5766.2","5734","5883.6","5701.6","5869.6","101.2","103.4","52420","6110095.94","68284","",""
"IML.CFX","20250418","5826.4","5845.8","5859.2","5844.6","5860","5793.4","5826.48","-32.8","-32.72","22683","2638464.696","0","",""
"IML.CFX","20250417","5845.8","5819.8","5807.6","5798.8","5905","5795.8","5859.2","38.2","51.6","44139","5181009.528","29741","",""
"IML.CFX","20250416","5819.8","5888","5879.4","5876.6","5879.4","5756","5807.6","-59.6","-71.8","64059","7450637.108","50652","",""
"IML.CFX","20250415","5888","5879.8","5891.4","5887.8","5913","5842.6","5879.4","-3.4","-12","55619","6531233.544","61041","",""
"IML.CFX","20250414","5879.8","5835","5851.6","5898.6","5951.4","5875.4","5891.4","28.2","39.8","61023","7206506.52","70795","",""
"IML.CFX","20250411","5835","5744.8","5767","5722","5913","5713.6","5851.6","68","84.6","81375","9473861.812","86117","",""
"IML.CFX","20250410","5744.8","5594.2","5610","5750","5865.8","5720","5767","134.8","157","96804","11205316.688","92361","",""
"IML.CFX","20250409","5594.2","5462.4","5414","5401.2","5643.8","5186.2","5610","180.2","196","141240","15422834.016","106818","",""
"IML.CFX","20250408","5462.4","5554","5554","5580","5624","5339.2","5414","-91.6","-140","145399","15922788.96","113999","",""
"IML.CFX","20250407","5554","6168.4","6171","5862","5975.4","5554","5554","-617","-617","110834","12620303.804","107063","",""
"IML.CFX","20250403","6168.4","6239","6236.6","6190","6274","6131.8","6171","-68.2","-65.6","91132","11289477.844","106332","",""
"IML.CFX","20250402","6239","6204","6208","6198.8","6283","6198.8","6236.6","31","28.6","59902","7481962.684","99001","",""
"IML.CFX","20250401","6204","6184","6175","6228","6260","6193.2","6208","29","33","67752","8431773.372","97196","",""
"IML.CFX","20250331","6184","6212.6","6230.6","6184","6225.6","6107.6","6175","-46.6","-55.6","98572","12153330.58","114755","",""
"IML.CFX","20250328","6212.6","6281.4","6283.8","6283","6311.6","6201.8","6230.6","-71.2","-53.2","80638","10073067.24","102072","",""
"IML.CFX","20250327","6281.4","6261.8","6275.6","6253.2","6340","6180.8","6283.8","5.8","8.2","88580","11102394.076","113780","",""
"IML.CFX","20250326","6261.8","6250.8","6238.6","6250","6322","6246.6","6275.6","23.2","37","76006","9559712.76","101329","",""
"IML.CFX","20250325","6250.8","6280","6243","6274","6306.6","6205.2","6238.6","7.8","-4.4","90952","11371423.644","108413","",""
"IML.CFX","20250324","6280","6414.2","6313.2","6325","6330.2","6194.4","6243","-33.2","-70.2","97377","12202625.488","106368","",""
"IML.CFX","20250321","6414.2","6534.2","6537.6","6522.6","6530.4","6402.2","6414.83","-123.4","-122.77","55018","7121718.416","0","",""
"IML.CFX","20250320","6534.2","6550","6537.2","6540","6582.8","6493.8","6537.6","-3","0.4","86603","11331314.592","64278","",""
"IML.CFX","20250319","6550","6577","6581.6","6560","6584","6506","6537.2","-31.6","-44.4","115152","15070605.436","98474","",""
"IML.CFX","20250318","6577","6543.4","6553","6566.8","6634.4","6555.6","6581.6","24","28.6","113170","14913529.724","120484","",""
"IML.CFX","20250317","6543.4","6562.8","6552.8","6563","6573","6523.2","6553","-9.4","0.2","117429","15381744.816","127485","",""
"IML.CFX","20250314","6562.8","6426","6404","6428.4","6568","6389.2","6552.8","158.8","148.8","190307","24704875.94","148876","",""
"IML.CFX","20250313","6426","6513.8","6528.6","6507","6520.6","6360.2","6404","-102.6","-124.6","189598","24351809.352","165394","",""
"IML.CFX","20250312","6513.8","6490","6466.8","6525","6587","6482.2","6528.6","47","61.8","165499","21610119.708","161880","",""
"IML.CFX","20250311","6490","6427.4","6429","6371","6491","6365","6466.8","61","37.8","170671","21971355.832","165483","",""
"IML.CFX","20250310","6427.4","6452.8","6443.6","6458","6476.2","6373.6","6429","-16.2","-14.6","154299","19810843.892","162826","",""
"IML.CFX","20250307","6452.8","6475.8","6483","6455","6500","6417.8","6443.6","-30.2","-39.4","165679","21414375.784","169906","",""
"IML.CFX","20250306","6475.8","6313","6306.6","6352.8","6504.4","6352.2","6483","169.2","176.4","187916","24226206.708","179624","",""
"IML.CFX","20250305","6313","6279.2","6289.8","6285","6329.8","6233.2","6306.6","23.2","16.8","182519","22910141.26","181491","",""
"IML.CFX","20250304","6279.2","6215.4","6222.8","6184.8","6306","6169","6289.8","56.4","67","179630","22493144.216","184657","",""
"IML.CFX","20250303","6215.4","6230.4","6230","6250","6324.6","6196.4","6222.8","-14.6","-7.2","192032","24061841.196","187317","",""
"IML.CFX","20250228","6230.4","6415","6391","6387.8","6397","6208","6230","-160.6","-161","216120","27160429.82","198135","",""
"IML.CFX","20250227","6415","6420.8","6412.8","6412.6","6453.6","6324.6","6391","2.2","-21.8","208253","26590168.952","194417","",""
"IML.CFX","20250226","6420.8","6355.4","6358.6","6376.6","6465","6322.2","6412.8","62.2","54.2","212290","27159549.152","201621","",""
"IML.CFX","20250225","6355.4","6366.6","6356","6309.4","6405.2","6292","6358.6","-0.6","2.6","180068","22892829.068","195526","",""
"IML.CFX","20250224","6366.6","6442","6403.2","6380","6409.8","6327.8","6356","-36.6","-47.2","172390","21958717.592","195891","",""
"IML.CFX","20250221","6442","6310","6319.2","6339.2","6456.2","6310.2","6442.56","122.8","123.36","19562","2497824.532","0","",""
"IML.CFX","20250220","6310","6279.8","6270.2","6279","6342.4","6256.6","6319.2","39.8","49","31628","3979490.52","23916","",""
"IML.CFX","20250219","6279.8","6151.6","6144.6","6149","6286.8","6138","6270.2","135.2","125.6","41506","5167368.352","34904","",""
"IML.CFX","20250218","6151.6","6262.8","6250.4","6245","6281.2","6108","6144.6","-98.8","-105.8","46928","5822073.92","44730","",""
"IML.CFX","20250217","6262.8","6240.2","6236","6276.4","6298","6213.6","6250.4","26.8","14.4","51573","6458275.832","51728","",""
"IML.CFX","20250214","6240.2","6215.6","6221.6","6204.6","6257","6172.2","6236","18.6","14.4","45685","5686334.756","55171","",""
"IML.CFX","20250213","6215.6","6268","6252.6","6266.2","6269","6197","6221.6","-37","-31","50406","6280786.888","58774","",""
"IML.CFX","20250212","6268","6179.8","6176.8","6161","6271","6161","6252.6","91.2","75.8","46880","5836657.464","63530","",""
"IML.CFX","20250211","6179.8","6181.8","6188","6174.8","6199","6115.4","6176.8","-8.2","-11.2","42998","5294136.056","62606","",""
"IML.CFX","20250210","6181.8","6127.8","6099.6","6145","6205.2","6115.4","6188","82.2","88.4","52753","6504227.064","68776","",""
"IML.CFX","20250207","6127.8","6024","6020.4","6030.4","6205.8","6021","6099.6","107.4","79.2","67964","8320082.288","80725","",""
"IML.CFX","20250206","6024","5866","5856.6","5855.8","6043.2","5830.8","6020.4","167.4","163.8","50786","6053215.208","76498","",""
"IML.CFX","20250205","5866","5825.8","5854","5899","5932.8","5830","5856.6","12","2.6","52004","6116900.284","76887","",""
"IML.CFX","20250127","5825.8","5945","5933.6","5950","5979.8","5819.2","5854","-107.8","-79.6","50825","5982353.752","78834","",""
"IML.CFX","20250124","5945","5809","5822.2","5810","5951","5810","5933.6","122.8","111.4","61102","7199063.064","77008","",""
"IML.CFX","20250123","5809","5843","5830.4","5888","5989","5807.2","5822.2","-21.4","-8.2","69097","8151559.944","87233","",""
"IML.CFX","20250122","5843","5881.6","5865","5853.8","5863.8","5787.6","5830.4","-22","-34.6","47494","5535315.116","73841","",""
"IML.CFX","20250121","5881.6","5848.6","5850","5875.4","5900.2","5801","5865","31.6","15","49826","5826880.144","77039","",""
"IML.CFX","20250120","5848.6","5851.8","5820","5860","5912.2","5830","5850","28.6","30","47327","5557259.624","75643","",""
"IML.CFX","20250117","5851.8","5797","5796","5780","5877","5761.2","5852","55.8","56","28776","3344588.444","0","",""
"IML.CFX","20250116","5797","5775.4","5776.6","5790.2","5919.8","5751.2","5796","20.4","19.4","55810","6505658.456","34348","",""
"IML.CFX","20250115","5775.4","5819","5802.6","5808.2","5818","5747.6","5776.6","-27.2","-26","61620","7119678.244","53499","",""
"IML.CFX","20250114","5819","5557.6","5547","5580","5827.2","5552.6","5802.6","272","255.6","93319","10666406.228","76862","",""
"IML.CFX","20250113","5557.6","5530.4","5561.4","5480.4","5601.2","5456","5547","-3.8","-14.4","85697","9482430.816","88351","",""
"IML.CFX","20250110","5530.4","5640.2","5652.2","5632","5711","5528","5561.4","-121.8","-90.8","80703","9072711.784","95843","",""
"IML.CFX","20250109","5640.2","5639.6","5659.4","5625.8","5696.2","5617.2","5652.2","-19.2","-7.2","70728","8009165.42","96726","",""
"IML.CFX","20250108","5639.6","5672.8","5659.6","5660","5698","5476.2","5659.4","-20","-0.2","116777","13066492.512","113407","",""
"IML.CFX","20250107","5672.8","5597.2","5592.4","5610.2","5682.8","5568.8","5659.6","80.4","67.2","85029","9571787.98","106911","",""
"IML.CFX","20250106","5597.2","5625","5638.4","5620","5679.8","5558","5592.4","-41.2","-46","96653","10857746.336","112286","",""
"IML.CFX","20250103","5625","5778","5774.2","5802","5806","5601.4","5638.4","-149.2","-135.8","114034","13016594.18","118244","",""
"IML.CFX","20250102","5778","5926.4","5955.8","5926.6","5964.8","5717.4","5774.2","-177.8","-181.6","102541","12026367.604","114805","",""
"IML.CFX","20241231","5926.4","6133.6","6130","6151","6157.8","5924.4","5955.8","-203.6","-174.2","95469","11508278.264","111907","",""
"IML.CFX","20241230","6133.6","6143.6","6153.2","6135.2","6179.8","6083","6130","-19.6","-23.2","81610","10009607.948","104973","",""
"IML.CFX","20241227","6143.6","6131","6136.8","6136.6","6237","6100.2","6153.2","6.8","16.4","85923","10619696.548","110259","",""
"IML.CFX","20241226","6131","6080","6064.4","6075","6163","6075","6136.8","66.6","72.4","68659","8422357.568","105675","",""
"IML.CFX","20241225","6080","6130.2","6112.2","6113.2","6116.4","6013.4","6064.4","-32.2","-47.8","100031","12117758.328","115337","",""
"IML.CFX","20241224","6130.2","6063","6072","6088","6137.6","6045.6","6112.2","58.2","40.2","95778","11682207.636","110405","",""
"IML.CFX","20241223","6063","6278.4","6223.4","6220.2","6226","6056.4","6072","-160.4","-151.4","100541","12318985.72","115487","",""
"IML.CFX","20241220","6278.4","6218","6207.2","6217.8","6313","6196","6278.63","71.2","71.43","44472","5565188.744","0","",""
"IML.CFX","20241219","6218","6189.8","6194.6","6131.8","6231.6","6096","6207.2","23.4","12.6","96333","11865979.456","52443","",""
"IML.CFX","20241218","6189.8","6143.6","6152","6169.8","6243","6126","6194.6","37.8","42.6","116069","14368035.856","81088","",""
"IML.CFX","20241217","6143.6","6263.4","6259.8","6249.8","6267.2","6138","6152","-116.2","-107.8","144996","17951492.268","113630","",""
"IML.CFX","20241216","6263.4","6359","6366.4","6361","6364.8","6242.4","6259.8","-103","-106.6","115176","14485543.616","113214","",""
"IML.CFX","20241213","6359","6477.8","6479.2","6419","6442.8","6327.8","6366.4","-120.2","-112.8","164655","21004754.672","131621","",""
"IML.CFX","20241212","6477.8","6430.2","6432","6432.2","6498","6376.6","6479.2","45.8","47.2","144410","18590122.328","134954","",""
"IML.CFX","20241211","6430.2","6358.2","6366.2","6356.8","6452.8","6356.6","6432","64","65.8","146971","18860532.764","141428","",""
"IML.CFX","20241210","6358.2","6264","6261.8","6500","6538","6330.2","6366.2","96.4","104.4","188885","24272776.124","157277","",""
"IML.CFX","20241209","6264","6333.6","6334.8","6323.8","6354.6","6218.2","6261.8","-70.8","-73","147628","18542407.14","150504","",""
"IML.CFX","20241206","6333.6","6255.6","6243","6263.2","6370.2","6175.2","6334.8","90.6","91.8","203792","25618287.296","167060","",""
"IML.CFX","20241205","6255.6","6171.8","6159.2","6155.8","6281.8","6153.2","6243","96.4","83.8","169624","21142146.388","161405","",""
"IML.CFX","20241204","6171.8","6265.4","6287.8","6265.2","6270","6131.2","6159.2","-116","-128.6","176184","21848024.92","166822","",""
"IML.CFX","20241203","6265.4","6266.8","6267","6272.2","6324.2","6193.2","6287.8","-1.6","20.8","180768","22595415.568","172505","",""
"IML.CFX","20241202","6266.8","6156","6163.8","6156.2","6307","6150.2","6267","103","103.2","182864","22871477.524","173067","",""
"IML.CFX","20241129","6156","6036.8","6052","6030","6225.8","5988.2","6163.8","104","111.8","235635","28867814.388","189378","",""
"IML.CFX","20241128","6036.8","6086.8","6028.8","6091","6126.8","6011.4","6052","8","23.2","186048","22592955.776","176294","",""
"IML.CFX","20241127","6086.8","5914","5921","5886.2","6095.4","5801","6028.8","165.8","107.8","244628","28992935.848","197311","",""
"IML.CFX","20241126","5914","5992.8","5937.4","5980.2","6033.4","5887","5921","-23.4","-16.4","190017","22621656.388","185010","",""
"IML.CFX","20241125","5992.8","5951.2","6009","5973.2","5995.8","5882.2","5937.4","-16.2","-71.6","202233","24025656.628","193159","",""
"IML.CFX","20241122","5951.2","6187.2","6166","6173","6209.6","5943","6009","-214.8","-157","197788","24135428.86","189155","",""
"IML.CFX","20241121","6187.2","6190.8","6173.8","6180","6224","6125","6166","13.4","-7.8","181881","22497397.864","187022","",""
"IML.CFX","20241120","6190.8","6093","6055.8","6080","6208.8","6070.6","6173.8","135","118","200989","24706645.568","191596","",""
"IML.CFX","20241119","6093","5954.2","5938.4","5979","6101.4","5931","6055.8","154.6","117.4","220087","26446780.976","196641","",""
"IML.CFX","20241118","5954.2","6215.6","6140.8","6141.2","6144","5901.4","5938.4","-186.6","-202.4","217824","26186836.932","200461","",""
"IML.CFX","20241115","6215.6","6279","6298.2","6272.2","6336.2","6214.2","6215.43","-82.6","-82.77","22695","2848942.028","0","",""
"IML.CFX","20241114","6279","6445.4","6444","6430","6444","6270.8","6298.2","-165","-145.8","42093","5357072.948","26394","",""
"IML.CFX","20241113","6445.4","6456","6447.2","6440","6487","6349.8","6444","-1.8","-3.2","49080","6297461.972","39077","",""
"IML.CFX","20241112","6456","6525.6","6528.6","6532","6587","6420.6","6447.2","-72.6","-81.4","58489","7608717.74","49718","",""
"IML.CFX","20241111","6525.6","6408.6","6413","6395.4","6554.8","6371.2","6528.6","112.6","115.6","58558","7597412.052","53715","",""
"IML.CFX","20241108","6408.6","6408","6385.4","6455.4","6527","6379","6413","23.2","27.6","63772","8232433.052","60305","",""
"IML.CFX","20241107","6408","6293.8","6292.8","6250","6415","6245.6","6385.4","115.2","92.6","61581","7792176.284","60325","",""
"IML.CFX","20241106","6293.8","6283.4","6273","6282.2","6376.8","6232.4","6292.8","20.8","19.8","72949","9199273.784","65176","",""
"IML.CFX","20241105","6283.4","6065.4","6024.4","6055.2","6312.8","6042.6","6273","259","248.6","73004","9054221.94","68657","",""
"IML.CFX","20241104","6065.4","5917.8","5931","5917.8","6068.8","5910.6","6024.4","134.4","93.4","58573","7018387.752","64446","",""
"IML.CFX","20241101","5917.8","6095.4","6118.2","6070","6097.4","5903","5931","-200.4","-187.2","81407","9731890.264","72078","",""
"IML.CFX","20241031","6095.4","6006","5981.8","6030","6164.4","5980.8","6118.2","113.6","136.4","79259","9644247.804","75957","",""
"IML.CFX","20241030","6006","5977.8","5979.6","5959.8","6039.6","5920.2","5981.8","26.4","2.2","65943","7893151.124","69957","",""
"IML.CFX","20241029","5977.8","6069.2","6056.6","6089","6109","5958.8","5979.6","-78.8","-77","74729","9012786.316","75764","",""
"IML.CFX","20241028","6069.2","5996","5971.4","5996","6073","5953","6056.6","97.8","85.2","63694","7673772.988","74282","",""
"IML.CFX","20241025","5996","5859","5849.4","5875","6027.6","5870.6","5971.4","146.6","122","84386","10050699.344","84537","",""
"IML.CFX","20241024","5859","5891.2","5892.4","5860","5884.6","5801","5849.4","-33.4","-43","72339","8454089.144","78340","",""
"IML.CFX","20241023","5891.2","5873.8","5862.2","5852","6001.6","5837","5892.4","29","30.2","92625","10958654.944","85998","",""
"IML.CFX","20241022","5873.8","5840","5843.8","5838.2","5919.8","5791.4","5862.2","30","18.4","91095","10662891.048","88086","",""
"IML.CFX","20241021","5840","5751","5843.2","5799","5956","5766.4","5843.8","-3.2","0.6","114107","13360778.784","91397","",""
"IML.CFX","20241018","5751","5490","5526.6","5500","5765","5482.4","5752.01","224.4","225.41","46637","5223891.884","0","",""
"IML.CFX","20241017","5490","5527.2","5510.4","5588","5634.4","5489.2","5526.6","-20.4","16.2","91036","10145624.116","41237","",""
"IML.CFX","20241016","5527.2","5481.4","5539","5438.4","5620","5425","5510.4","-11.8","-28.6","126998","14036288.424","67735","",""
"IML.CFX","20241015","5481.4","5613","5590.8","5555","5708.6","5481","5539","-109.4","-51.8","145218","16276775.416","85180","",""
"IML.CFX","20241014","5613","5423","5401.2","5460","5638.6","5337.6","5590.8","211.8","189.6","166111","18266706.14","94623","",""
"IML.CFX","20241011","5423","5664","5699.8","5630.2","5650","5345","5401.2","-276.8","-298.6","181571","19944306.452","106392","",""
"IML.CFX","20241010","5664","5749.8","5853.4","5860","5934.6","5629.6","5699.8","-189.4","-153.6","199403","23011654.428","109601","",""
"IML.CFX","20241009","5749.8","6219.8","6174.4","6050","6129.6","5679","5853.4","-424.6","-321","236928","28155910.288","113905","",""
"IML.CFX","20241008","6219.8","5813.4","5801.2","6381.2","6381.2","5906","6174.4","418.6","373.2","211253","26240115.316","102649","",""
"IML.CFX","20240930","5813.4","5362.2","5285","5521","5813.4","5392.6","5801.2","528.4","516.2","180916","20342345.416","102683","",""
"IML.CFX","20240927","5362.2","4937.4","4875.2","5022","5362.6","4954.4","5285","487","409.8","212983","21971528.652","109667","",""
"IML.CFX","20240926","4937.4","4676.4","4690.6","4671.4","4940","4662.4","4875.2","246.8","184.6","152942","14595858.504","119316","",""
"IML.CFX","20240925","4676.4","4653.2","4624.4","4710","4802.8","4672.6","4690.6","52","66.2","140021","13264284.704","112646","",""
"IML.CFX","20240924","4653.2","4437","4436.6","4496","4656.8","4438.2","4624.4","216.6","187.8","156875","14257872.676","127361","",""
"IML.CFX","20240923","4437","4447.8","4412.8","4415.2","4497.8","4402.4","4436.6","24.2","23.8","78245","6963263.752","101314","",""
"IML.CFX","20240920","4447.8","4487.4","4484.8","4483","4493","4437","4448.4","-37","-36.4","35454","3163897.352","0","",""
"IML.CFX","20240919","4487.4","4405","4399.6","4422.2","4543.2","4380","4484.8","87.8","85.2","92123","8225328.584","42680","",""
"IML.CFX","20240918","4405","4416.8","4424.6","4413","4423","4337.4","4399.6","-19.6","-25","90715","7954040.952","75838","",""
"IML.CFX","20240913","4416.8","4468.4","4475","4475","4478.6","4414.2","4424.6","-58.2","-50.4","80427","7149870.244","94210","",""
"IML.CFX","20240912","4468.4","4474.8","4464.6","4484","4545","4461.6","4475","3.8","10.4","86856","7811238.684","106827","",""
"IML.CFX","20240911","4474.8","4473.6","4471.8","4460","4494.4","4439","4464.6","3","-7.2","86309","7706823.344","111092","",""
"IML.CFX","20240910","4473.6","4457.4","4456.2","4471","4502.4","4378.8","4471.8","17.4","15.6","116746","10359219.108","129541","",""
"IML.CFX","20240909","4457.4","4497.2","4494.4","4487.2","4518.6","4445.2","4456.2","-37","-38.2","85871","7688870.464","125870","",""
"IML.CFX","20240906","4497.2","4577.2","4571","4595","4597.4","4482","4494.4","-73.8","-76.6","90398","8181155.588","127548","",""
"IML.CFX","20240905","4577.2","4536.2","4532.4","4544.6","4611.4","4544.6","4571","44.8","38.6","88060","8051276.424","131885","",""
"IML.CFX","20240904","4536.2","4547.4","4547.2","4530","4587","4507","4532.4","-11","-14.8","95403","8667992.24","134704","",""
"IML.CFX","20240903","4547.4","4515.6","4528","4524","4592.8","4514","4547.2","19.4","19.2","95410","8677854.88","140430","",""
"IML.CFX","20240902","4515.6","4621","4641.8","4612","4634.8","4508.8","4528","-126.2","-113.8","89892","8216291.412","142020","",""
"IML.CFX","20240830","4621","4527.4","4537","4527.6","4697.6","4525.2","4641.8","84","104.8","142796","13218027.036","155302","",""
"IML.CFX","20240829","4527.4","4450.2","4454.6","4434.6","4553.6","4432","4537","72.8","82.4","113326","10212389.084","153849","",""
"IML.CFX","20240828","4450.2","4442.2","4443.2","4433","4493.8","4421.2","4454.6","7","11.4","82253","7329516.244","146868","",""
"IML.CFX","20240827","4442.2","4489.2","4484.8","4476","4480","4422.8","4443.2","-42.6","-41.6","77232","6868920.808","146087","",""
"IML.CFX","20240826","4489.2","4475","4471","4480","4517","4458.6","4484.8","18.2","13.8","77864","6993257.544","148292","",""
"IML.CFX","20240823","4475","4473.2","4467.8","4478","4494","4445.6","4471","7.2","3.2","87728","7837315.676","150538","",""
"IML.CFX","20240822","4473.2","4522","4520.2","4528","4538.2","4456.4","4467.8","-47","-52.4","88130","7915799.86","156536","",""
"IML.CFX","20240821","4522","4537","4532","4530.2","4559","4513.6","4520.2","-10","-11.8","72862","6604997.496","149045","",""
"IML.CFX","20240820","4537","4622.8","4623.4","4626","4632.8","4518.2","4532","-86.4","-91.4","96619","8803208.728","155978","",""
"IML.CFX","20240819","4622.8","4668.4","4614.6","4608","4687.4","4600.2","4623.4","8.2","8.8","80063","7431430.208","155221","",""
"IML.CFX","20240816","4668.4","4679.6","4682.6","4695","4708.4","4664.2","4668.79","-14.2","-13.81","22746","2129910.104","0","",""
"IML.CFX","20240815","4679.6","4641.6","4655.8","4635.8","4758","4625","4682.6","23.8","26.8","51426","4821590.4","31782","",""
"IML.CFX","20240814","4641.6","4689.8","4666.8","4690","4701","4640.6","4655.8","-25.2","-11","51499","4804849.604","44383","",""
"IML.CFX","20240813","4689.8","4678.4","4665.8","4678.2","4705","4637","4666.8","24","1","68645","6414008.616","61666","",""
"IML.CFX","20240812","4678.4","4687","4695.6","4687","4703.6","4651","4665.8","-17.2","-29.8","67101","6272999.42","69659","",""
"IML.CFX","20240809","4687","4735","4738","4772","4792","4682","4695.6","-51","-42.4","77726","7357408.28","74611","",""
"IML.CFX","20240808","4735","4719","4725.2","4701.2","4772","4655","4738","9.8","12.8","88332","8332407.664","83736","",""
"IML.CFX","20240807","4719","4729.8","4717.4","4721","4759","4693","4725.2","1.6","7.8","74151","7011874.184","80158","",""
"IML.CFX","20240806","4729.8","4670.6","4676.6","4739.4","4764.4","4673","4717.4","53.2","40.8","88344","8336242.9","84545","",""
"IML.CFX","20240805","4670.6","4792.8","4797.6","4780","4852.2","4652.2","4676.6","-127","-121","107524","10220870.464","95315","",""
"IML.CFX","20240802","4792.8","4859.4","4866","4820","4892","4781.8","4797.6","-73.2","-68.4","81276","7862598.388","87295","",""
"IML.CFX","20240801","4859.4","4895","4875.8","4899.2","4935","4827.6","4866","-16.4","-9.8","81007","7903104.408","87470","",""
"IML.CFX","20240731","4895","4656","4656.8","4660","4898.8","4648","4875.8","238.2","219","100816","9669669.512","92356","",""
"IML.CFX","20240730","4656","4638.6","4642.6","4618.6","4685.4","4585.2","4656.8","13.4","14.2","74188","6885390.732","87209","",""
"IML.CFX","20240729","4638.6","4664.6","4657","4679","4679","4619.2","4642.6","-18.4","-14.4","59453","5520017.36","79510","",""
"IML.CFX","20240726","4664.6","4579.2","4584","4601.4","4679","4600.2","4657","80.6","73","83036","7718457.184","86687","",""
"IML.CFX","20240725","4579.2","4570.2","4582.4","4555","4643","4542","4584","-3.2","1.6","88909","8152541.34","88083","",""
"IML.CFX","20240724","4570.2","4625","4657.8","4619.8","4649.4","4562.2","4582.4","-87.6","-75.4","89033","8199664.948","93159","",""
"IML.CFX","20240723","4625","4766.2","4761.6","4776","4781.8","4624.4","4657.8","-136.6","-103.8","65738","6187127.96","81852","",""
"IML.CFX","20240722","4766.2","4824.8","4764","4777.8","4808","4737","4761.6","2.2","-2.4","62756","5990572.808","79680","",""
"IML.CFX","20240719","4824.8","4809.2","4805.6","4785","4861","4767","4824.9","19.2","19.3","27289","2629251.34","0","",""
"IML.CFX","20240718","4809.2","4789.6","4794.6","4763.6","4829","4713.4","4805.6","14.6","11","60705","5780737.712","30963","",""
"IML.CFX","20240717","4789.6","4816.6","4813.8","4820.2","4834.2","4771.6","4794.6","-24.2","-19.2","63485","6088215.116","51040","",""
"IML.CFX","20240716","4816.6","4808.8","4805","4795.8","4837.4","4767","4813.8","11.6","8.8","72248","6939145.624","69493","",""
"IML.CFX","20240715","4808.8","4864.2","4874.8","4850.2","4856.4","4790.4","4805","-66","-69.8","69517","6699403.748","78372","",""
"IML.CFX","20240712","4864.2","4881.4","4877","4871","4892","4842.2","4874.8","-12.8","-2.2","68072","6626657","81735","",""
"IML.CFX","20240711","4881.4","4758","4764.8","4840","4888.2","4799.6","4877","116.6","112.2","89853","8722512.928","92011","",""
"IML.CFX","20240710","4758","4766.6","4776","4755.8","4813.6","4747.8","4764.8","-18","-11.2","83873","8013972.5","90954","",""
"IML.CFX","20240709","4766.6","4663","4656.6","4656","4795.6","4626.8","4776","110","119.4","123226","11607287.236","105861","",""
"IML.CFX","20240708","4663","4778.2","4783.6","4768.8","4769","4637","4656.6","-120.6","-127","88034","8260361.944","94241","",""
"IML.CFX","20240705","4778.2","4729","4724.8","4728","4806.4","4680","4783.6","53.4","58.8","98420","9332633.444","97634","",""
"IML.CFX","20240704","4729","4832.2","4836.2","4843.6","4853","4701.4","4724.8","-107.2","-111.4","86507","8254664.672","96368","",""
"IML.CFX","20240703","4832.2","4863.8","4860.8","4861.2","4879","4821","4836.2","-28.6","-24.6","74798","7255335.584","92615","",""
"IML.CFX","20240702","4863.8","4893.2","4904","4900","4917.4","4838","4860.8","-40.2","-43.2","77542","7563014.684","91892","",""
"IML.CFX","20240701","4893.2","4851.4","4858","4858","4929.4","4793.2","4904","35.2","46","97193","9447366.288","99581","",""
"IML.CFX","20240628","4851.4","4835","4832.4","4825","4951.8","4823.2","4858","19","25.6","105825","10367618.76","104068","",""
"IML.CFX","20240627","4835","4954.4","4941.6","4936.4","4943","4818","4832.4","-106.6","-109.2","93752","9127371.732","99692","",""
"IML.CFX","20240626","4954.4","4808.4","4793.4","4808.4","4966.2","4772.4","4941.6","161","148.2","108500","10561218.796","102894","",""
"IML.CFX","20240625","4808.4","4834","4853.4","4852","4867.6","4767.8","4793.4","-45","-60","90594","8731958.508","102236","",""
"IML.CFX","20240624","4834","5059.4","5006.4","4961.2","4979.8","4826","4853.4","-172.4","-153","88614","8681345.752","100237","",""
"IML.CFX","20240621","5059.4","5064","5067","5050","5092","5027","5059.51","-7.6","-7.49","27104","2743262.584","0","",""
"IML.CFX","20240620","5064","5155","5161.8","5155.2","5172.8","5048.6","5067","-97.8","-94.8","55148","5629703.56","34529","",""
"IML.CFX","20240619","5155","5230","5217.4","5240.6","5254","5141","5161.8","-62.4","-55.6","68614","7112297.564","55505","",""
"IML.CFX","20240618","5230","5173.8","5175.8","5171.2","5242.6","5171.2","5217.4","54.2","41.6","68503","7149880.444","75217","",""
"IML.CFX","20240617","5173.8","5178.8","5168.2","5152","5207","5142.8","5175.8","5.6","7.6","63411","6573264.056","86066","",""
"IML.CFX","20240614","5178.8","5148.4","5146.6","5132.2","5193.8","5113","5168.2","32.2","21.6","82584","8501524.84","98376","",""
"IML.CFX","20240613","5148.4","5180.6","5189.2","5199.8","5199.8","5134.2","5146.6","-40.8","-42.6","68759","7094967.04","103228","",""
"IML.CFX","20240612","5180.6","5174","5169.4","5164.8","5207","5158.2","5189.2","11.2","19.8","68123","7070632.772","105908","",""
"IML.CFX","20240611","5174","5115","5126","5094.4","5191.2","5048","5169.4","48","43.4","90754","9297015.952","116754","",""
"IML.CFX","20240607","5115","5101.8","5099","5151","5167.8","5060.8","5126","16","27","100891","10324453.856","119715","",""
"IML.CFX","20240606","5101.8","5209.6","5223","5235.4","5246","5071.4","5099","-121.2","-124","111388","11458562.592","128795","",""
"IML.CFX","20240605","5209.6","5268.6","5258","5256.2","5288.6","5203.8","5223","-48.4","-35","70893","7449531.196","117604","",""
"IML.CFX","20240604","5268.6","5222.4","5206.8","5209.8","5285","5180.8","5258","61.8","51.2","91299","9544223.736","119444","",""
"IML.CFX","20240603","5222.4","5314","5319.8","5310","5314.4","5181.2","5206.8","-97.4","-113","94312","9900539.484","127269","",""
"IML.CFX","20240531","5314","5291.4","5286","5313","5353.2","5308","5319.8","28","33.8","72770","7750409.376","120721","",""
"IML.CFX","20240530","5291.4","5284","5275.4","5268","5323.8","5240.2","5286","16","10.6","87534","9254830.708","125533","",""
"IML.CFX","20240529","5284","5279","5275.6","5286.2","5341.8","5252","5275.4","8.4","-0.2","83508","8852218.816","130440","",""
"IML.CFX","20240528","5279","5335.8","5317.2","5320","5348","5264.6","5275.6","-38.2","-41.6","76924","8158920.72","125679","",""
"IML.CFX","20240527","5335.8","5291.2","5308.6","5320","5344.8","5231.8","5317.2","27.2","8.6","86544","9140713.612","135548","",""
"IML.CFX","20240524","5291.2","5359","5347.8","5350","5386.4","5289","5308.6","-56.6","-39.2","77622","8285695.216","131652","",""
"IML.CFX","20240523","5359","5479.6","5484.8","5457","5458","5325.2","5347.8","-125.8","-137","86122","9266347.008","136494","",""
"IML.CFX","20240522","5479.6","5476.8","5462.4","5485","5504.2","5442","5484.8","17.2","22.4","65033","7123587.956","131548","",""
"IML.CFX","20240521","5476.8","5539.2","5540.2","5520","5534.6","5445","5462.4","-63.4","-77.8","70134","7689921.192","134930","",""
"IML.CFX","20240520","5539.2","5512","5491.8","5533.2","5587.4","5506.8","5540.2","47.4","48.4","76844","8526917.66","136278","",""
"IML.CFX","20240517","5512","5478.2","5488.2","5498","5535","5473.2","5511.79","23.8","23.59","16920","1861428.8","0","",""
"IML.CFX","20240516","5478.2","5489.2","5498.6","5519","5545.4","5465.4","5488.2","-20.4","-10.4","31589","3484654.796","20701","",""
"IML.CFX","20240515","5489.2","5537","5539.4","5533","5551.6","5476.6","5498.6","-50.2","-40.8","35851","3956774.1","32383","",""
"IML.CFX","20240514","5537","5512","5500.6","5547","5584.6","5507.2","5539.4","36.4","38.8","37920","4205567.388","42389","",""
"IML.CFX","20240513","5512","5563.6","5554.6","5507","5554.8","5451","5500.6","-42.6","-54","44303","4878029.88","49028","",""
"IML.CFX","20240510","5563.6","5617","5620.4","5627","5650","5529","5554.6","-56.8","-65.8","47930","5334651.408","54643","",""
"IML.CFX","20240509","5617","5519.8","5522.8","5529.8","5642.6","5529.8","5620.4","94.2","97.6","44845","5025279.876","58193","",""
"IML.CFX","20240508","5519.8","5606.8","5606.6","5586.4","5589","5501.2","5522.8","-86.8","-83.8","42615","4725552.568","58459","",""
"IML.CFX","20240507","5606.8","5590.2","5596.6","5592.2","5628.6","5578","5606.6","10.2","10","39063","4377945.252","60370","",""
"IML.CFX","20240506","5590.2","5493","5500.8","5581.2","5648","5568","5596.6","89.4","95.8","51806","5800415.02","65944","",""
"IML.CFX","20240430","5493","5557","5554.6","5555.6","5569.2","5476.2","5500.8","-61.6","-53.8","51202","5645491.228","66592","",""
"IML.CFX","20240429","5557","5408.6","5399.8","5430","5571.8","5430","5554.6","157.2","154.8","63448","6995213.652","71302","",""
"IML.CFX","20240426","5408.6","5279.2","5277.6","5291.2","5418","5287","5399.8","131","122.2","65929","7074215.148","75132","",""
"IML.CFX","20240425","5279.2","5275.4","5257.4","5250","5337","5241.2","5277.6","21.8","20.2","59032","6242286.652","75366","",""
"IML.CFX","20240424","5275.4","5151.8","5156.6","5178.2","5277.4","5145.8","5257.4","118.8","100.8","65511","6836682.12","78206","",""
"IML.CFX","20240423","5151.8","5189.2","5197.2","5195","5228.2","5133.2","5156.6","-45.4","-40.6","60320","6240102.088","79334","",""
"IML.CFX","20240422","5189.2","5258","5188.6","5155.4","5254","5115.2","5197.2","0.6","8.6","66495","6905800.636","80540","",""
"IML.CFX","20240419","5258","5290.2","5306.4","5270","5319","5223.2","5257.99","-48.4","-48.41","25682","2704463.388","0","",""
"IML.CFX","20240418","5290.2","5289.2","5259","5267","5355.2","5221.2","5306.4","31.2","47.4","60839","6442514.776","31019","",""
"IML.CFX","20240417","5289.2","5055","5087.2","5136.4","5294","5120","5259","202","171.8","89804","9365385.984","50301","",""
"IML.CFX","20240416","5055","5262.8","5225.8","5240.2","5264.8","5038.2","5087.2","-170.8","-138.6","109380","11245696.648","72632","",""
"IML.CFX","20240415","5262.8","5309","5320.4","5293.2","5343.2","5174.8","5225.8","-57.6","-94.6","106204","11180692.48","83623","",""
"IML.CFX","20240412","5309","5353.8","5365","5364.4","5395","5295.2","5320.4","-56","-44.6","75999","8124828.824","80012","",""
"IML.CFX","20240411","5353.8","5330","5324.2","5300.4","5427","5291.2","5365","29.6","40.8","91001","9776232.264","87336","",""
"IML.CFX","20240410","5330","5431.6","5414.6","5418","5425","5285.4","5324.2","-84.6","-90.4","88954","9503670.008","92744","",""
"IML.CFX","20240409","5431.6","5348.4","5361.4","5355","5438.8","5347","5414.6","70.2","53.2","74898","8081120.636","88348","",""
"IML.CFX","20240408","5348.4","5475","5464.2","5460","5460","5341.6","5361.4","-115.8","-102.8","73630","7957835.308","90525","",""
"IML.CFX","20240403","5475","5506.6","5495.8","5495","5504.2","5421","5464.2","-20.8","-31.6","77975","8512547","89825","",""
"IML.CFX","20240402","5506.6","5541.6","5532.4","5531","5543.2","5462.4","5495.8","-25.8","-36.6","84121","9250563.088","93587","",""
"IML.CFX","20240401","5541.6","5412","5395.6","5443","5557.2","5440","5532.4","146","136.8","77326","8513132.28","93833","",""
"IML.CFX","20240329","5412","5349.6","5351.4","5353","5419","5301.2","5395.6","60.6","44.2","92418","9902384.684","96257","",""
"IML.CFX","20240328","5349.6","5216.8","5278.6","5236.2","5411.8","5230.6","5351.4","71","72.8","120426","12857247.848","106816","",""
"IML.CFX","20240327","5216.8","5401","5415.6","5390","5399.6","5215.6","5278.6","-198.8","-137","101351","10776798.128","101761","",""
"IML.CFX","20240326","5401","5435.4","5468.6","5441","5468.8","5365.6","5415.6","-67.6","-53","98250","10651319.02","103399","",""
"IML.CFX","20240325","5435.4","5558.8","5581.8","5553.4","5575","5420.2","5468.6","-146.4","-113.2","88462","9758197.444","98817","",""
"IML.CFX","20240322","5558.8","5627","5637.2","5611","5630.2","5515","5581.8","-78.4","-55.4","95152","10596944.184","101676","",""
"IML.CFX","20240321","5627","5629","5630.6","5652.8","5675.4","5595.4","5637.2","-3.6","6.6","75688","8532411.116","96980","",""
"IML.CFX","20240320","5629","5581.6","5595.6","5581","5650.8","5568","5630.6","33.4","35","81466","9139079.768","98770","",""
"IML.CFX","20240319","5581.6","5639.6","5612.4","5620","5638.6","5569.2","5595.6","-30.8","-16.8","75764","8501694.228","98993","",""
"IML.CFX","20240318","5639.6","5511","5499.8","5560","5642.8","5507.2","5612.4","139.8","112.6","81015","9021762.74","99605","",""
"IML.CFX","20240315","5511","5487","5465.8","5473.6","5514.6","5457","5510.79","45.2","44.99","32350","3547720.048","0","",""
"IML.CFX","20240314","5487","5517.4","5524.2","5510","5545","5431","5465.8","-37.2","-58.4","64905","7132704.712","38334","",""
"IML.CFX","20240313","5517.4","5488.2","5480.4","5494.8","5568","5465","5524.2","37","43.8","80318","8853571.964","60725","",""
"IML.CFX","20240312","5488.2","5463","5432.2","5479.4","5526","5428","5480.4","56","48.2","103387","11324339.9","81801","",""
"IML.CFX","20240311","5463","5348","5347","5330","5463.4","5319.8","5432.2","116","85.2","93763","10096835.92","90367","",""
"IML.CFX","20240308","5348","5277","5298.6","5300.2","5381","5255.8","5347","49.4","48.4","103462","10993405.672","99244","",""
"IML.CFX","20240307","5277","5345","5358.2","5358.2","5418","5268","5298.6","-81.2","-59.6","114576","12249918.696","107331","",""
"IML.CFX","20240306","5345","5311.4","5320.6","5300.2","5418","5280.6","5358.2","24.4","37.6","115716","12372831.052","111890","",""
"IML.CFX","20240305","5311.4","5383.4","5375.2","5348","5367.8","5281.2","5320.6","-63.8","-54.6","109655","11694818.98","114764","",""
"IML.CFX","20240304","5383.4","5392","5375.8","5400","5418.6","5289","5375.2","7.6","-0.6","115382","12358602.024","118322","",""
"IML.CFX","20240301","5392","5333.8","5288.4","5335","5401.8","5287.6","5375.8","103.6","87.4","125193","13380419.852","124584","",""
"IML.CFX","20240229","5333.8","5117.6","5190.4","5108","5341.2","5107.6","5288.4","143.4","98","166035","17442127.708","131842","",""
"IML.CFX","20240228","5117.6","5386","5349.4","5400","5464","5100","5190.4","-231.8","-159","190365","20211834.728","142224","",""
"IML.CFX","20240227","5386","5215","5227.8","5188","5391.8","5181.2","5349.4","158.2","121.6","130656","13821577.98","133768","",""
"IML.CFX","20240226","5215","5217","5191.4","5217","5305.2","5163.2","5227.8","23.6","36.4","127431","13326280.248","135321","",""
"IML.CFX","20240223","5217","5122.4","5097.6","5150","5218","5066.6","5191.4","119.4","93.8","125499","12897210.136","135418","",""
"IML.CFX","20240222","5122.4","5001.4","5073.8","5031","5137.6","5016.2","5097.6","48.6","23.8","128355","13049249.8","136589","",""
"IML.CFX","20240221","5001.4","4989","4997","4950.8","5215","4940.4","5073.8","4.4","76.8","152686","15528238.148","140832","",""
"IML.CFX","20240220","4989","4985.4","4935.8","4922.2","5030.2","4872.4","4997","53.2","61.2","116169","11488761.936","134213","",""
"IML.CFX","20240219","4985.4","5002.4","4996","5072","5118.4","4951","4985.47","-10.6","-10.53","19908","1995641.72","0","",""
"IML.CFX","20240208","5002.4","4825","4773","4880","5097.6","4880","4996","229.4","223","45049","4519386.612","26476","",""
"IML.CFX","20240207","4825","4609","4575.8","4662","4868.2","4605.8","4773","249.2","197.2","80645","7712303.488","42076","",""
"IML.CFX","20240206","4609","4176.6","4278.2","4146","4645.8","4129","4575.8","330.8","297.6","138116","12165495.708","61421","",""
"IML.CFX","20240205","4176.6","4507.2","4481","4453","4458.6","4081.2","4278.2","-304.4","-202.8","161837","13828716.988","81624","",""
"IML.CFX","20240202","4507.2","4699.2","4709.2","4726.2","4788","4339","4481","-202","-228.2","134558","12357921.988","78971","",""
"IML.CFX","20240201","4699.2","4727.2","4752","4701.8","4858.2","4651","4709.2","-52.8","-42.8","115210","10931254.592","81141","",""
"IML.CFX","20240131","4727.2","4907.2","4936.2","4889","4935.4","4706.4","4752","-209","-184.2","109118","10501746.432","81823","",""
"IML.CFX","20240130","4907.2","5063","5093","5035.2","5099.4","4886","4936.2","-185.8","-156.8","83571","8373681.536","76370","",""
"IML.CFX","20240129","5063","5216.8","5230.8","5248","5271.4","5058","5093","-167.8","-137.8","82003","8414095.344","75990","",""
"IML.CFX","20240126","5216.8","5306.6","5279.8","5284","5316.8","5196","5230.8","-63","-49","74122","7799820.228","71513","",""
"IML.CFX","20240125","5306.6","5090.8","5048.4","5055.4","5307.8","5038","5279.8","258.2","231.4","97699","10140424.472","76703","",""
"IML.CFX","20240124","5090.8","4998","5024.8","5055","5111","4833","5048.4","66","23.6","112868","11244823.82","82649","",""
"IML.CFX","20240123","4998","4830.4","4875.2","4830.2","5058","4773","5024.8","122.8","149.6","101009","10000639.804","78867","",""
"IML.CFX","20240122","4830.4","5322.8","5236.8","5204.8","5220.2","4726","4875.2","-406.4","-361.6","93331","9355183.708","77889","",""
"IML.CFX","20240119","5322.8","5344.6","5300.2","5342.2","5399","5318","5322.72","22.6","22.52","23122","2474689.544","0","",""
"IML.CFX","20240118","5344.6","5346.4","5395.8","5335","5376","5177.8","5300.2","-51.2","-95.6","51285","5421666.736","27909","",""
"IML.CFX","20240117","5346.4","5513","5484.6","5500.2","5505","5330","5395.8","-138.2","-88.8","48961","5333184.804","41346","",""
"IML.CFX","20240116","5513","5530.2","5538.8","5525.6","5547.4","5433.2","5484.6","-25.8","-54.2","59099","6490825.096","51543","",""
"IML.CFX","20240115","5530.2","5551","5566.4","5528","5599.8","5498","5538.8","-36.2","-27.6","51572","5722659.232","61673","",""
"IML.CFX","20240112","5551","5595.2","5591.2","5576.4","5637.6","5551","5566.4","-40.2","-24.8","46706","5221559.136","62619","",""
"IML.CFX","20240111","5595.2","5484.6","5499.2","5485.2","5640","5472.4","5591.2","96","92","63401","7058911.376","73029","",""
"IML.CFX","20240110","5484.6","5513.4","5501.8","5500.4","5567.4","5412.2","5499.2","-17.2","-2.6","60977","6701369.356","75297","",""
"IML.CFX","20240109","5513.4","5480.2","5505.6","5504.8","5584.2","5471","5501.8","7.8","-3.8","66881","7389234.62","77072","",""
"IML.CFX","20240108","5480.2","5664.8","5664.6","5649","5653.6","5462.6","5505.6","-184.4","-159","63475","7056293.916","84117","",""
"IML.CFX","20240105","5664.8","5765.2","5759.6","5751","5780","5645.2","5664.6","-94.8","-95","49324","5638129.124","78064","",""
"IML.CFX","20240104","5765.2","5809.4","5798.2","5800","5802.2","5730","5759.6","-33","-38.6","43701","5037941","76857","",""
"IML.CFX","20240103","5809.4","5833.6","5850.4","5818","5852.6","5766","5798.2","-41","-52.2","39674","4607970.628","77490","",""
"IML.CFX","20240102","5833.6","5894.8","5888","5895","5902","5832","5850.4","-54.4","-37.6","34421","4039689.548","77941","",""
"IML.CFX","20231229","5894.8","5803.4","5802.6","5799","5903.2","5798.6","5888","92.2","85.4","49489","5805638.988","80879","",""
"IML.CFX","20231228","5803.4","5673","5675","5659","5818.8","5642.6","5802.6","128.4","127.6","59871","6887151.456","85970","",""
"IML.CFX","20231227","5673","5636.6","5640.8","5654.6","5689.6","5616","5675","32.2","34.2","44291","5008463.556","85714","",""
"IML.CFX","20231226","5636.6","5717.6","5713","5711.4","5711.4","5619.6","5640.8","-76.4","-72.2","41911","4738502.82","84435","",""
"IML.CFX","20231225","5717.6","5722.8","5716.4","5725.2","5755","5682.4","5713","1.2","-3.4","37888","4330824.2","81248","",""
"IML.CFX","20231222","5722.8","5770.2","5773.2","5756.2","5797.6","5697","5716.4","-50.4","-56.8","56485","6484322.948","83263","",""
"IML.CFX","20231221","5770.2","5745","5751.6","5721.6","5799.2","5665.2","5773.2","18.6","21.6","57907","6645218.748","85262","",""
"IML.CFX","20231220","5745","5838","5823.2","5846","5860.8","5741","5751.6","-78.2","-71.6","41766","4835552.852","78823","",""
"IML.CFX","20231219","5838","5831.6","5824.8","5826","5868","5800.4","5823.2","13.2","-1.6","42896","5000812.268","80418","",""
"IML.CFX","20231218","5831.6","5956.2","5897.2","5891","5906.4","5807.4","5824.8","-65.6","-72.4","41552","4868956.384","77772","",""
"IML.CFX","20231215","5956.2","6000","6004.6","6010","6034.8","5952.2","5956.24","-48.4","-48.36","20199","2420122.852","0","",""
"IML.CFX","20231214","6000","6022.6","6033","6041.2","6082","5991","6004.6","-33","-28.4","35203","4247421.316","23013","",""
"IML.CFX","20231213","6022.6","6079","6078","6062.2","6078.6","6013.4","6033","-55.4","-45","39656","4802929.972","40034","",""
"IML.CFX","20231212","6079","6070.6","6070.6","6070","6086","6048.4","6078","8.4","7.4","45958","5576147.116","55716","",""
"IML.CFX","20231211","6070.6","6000.8","6009","5973","6096","5935.2","6070.6","61.6","61.6","60774","7299891.776","75330","",""
"IML.CFX","20231208","6000.8","6014.2","6023.4","6025.2","6065","5996","6009","-22.6","-14.4","51721","6227071.348","84179","",""
"IML.CFX","20231207","6014.2","5997.8","5998.6","5985","6040","5946","6023.4","15.6","24.8","59078","7082582.72","96530","",""
"IML.CFX","20231206","5997.8","5958.2","5973.8","5938","6047","5930.6","5998.6","24","24.8","52974","6347071.816","102545","",""
"IML.CFX","20231205","5958.2","6058.6","6069","6050.2","6050.2","5945.2","5973.8","-110.8","-95.2","50053","6003975.628","105484","",""
"IML.CFX","20231204","6058.6","6092.2","6090.2","6100","6109.8","6057.4","6069","-31.6","-21.2","44645","5431814.208","108833","",""
"IML.CFX","20231201","6092.2","6036","6024.2","6036","6110.8","6010.6","6090.2","68","66","55283","6691775.56","114392","",""
"IML.CFX","20231130","6036","6074.6","6069","6065","6074.8","5988.2","6024.2","-33","-44.8","51825","6251749.676","118665","",""
"IML.CFX","20231129","6074.6","6097.2","6094","6093.8","6109.6","6053","6069","-19.4","-25","38673","4705590.516","114482","",""
"IML.CFX","20231128","6097.2","6081.2","6072.6","6070.6","6114.2","6016.8","6094","24.6","21.4","49335","5992889.724","120191","",""
"IML.CFX","20231127","6081.2","6081","6082.4","6074.2","6103.2","6034.4","6072.6","-1.2","-9.8","48025","5825284.584","121213","",""
"IML.CFX","20231124","6081","6176.6","6169.6","6163","6165.6","6059.2","6082.4","-88.6","-87.2","51088","6229663.06","123812","",""
"IML.CFX","20231123","6176.6","6093","6109","6090.2","6179.8","6067.2","6169.6","67.6","60.6","56528","6928593.264","126506","",""
"IML.CFX","20231122","6093","6161.8","6168.8","6145","6195","6090.4","6109","-75.8","-59.8","46938","5767847.028","128145","",""
"IML.CFX","20231121","6161.8","6213.8","6208.6","6225","6237","6151.2","6168.8","-46.8","-39.8","47498","5885907.584","126866","",""
"IML.CFX","20231120","6213.8","6179.6","6146","6165.4","6218","6115.8","6208.6","67.8","62.6","51325","6336031.676","130489","",""
"IML.CFX","20231117","6179.6","6145","6157.2","6140","6180.4","6128.4","6179.54","22.4","22.34","13407","1651991.364","0","",""
"IML.CFX","20231116","6145","6199.2","6193.4","6182.8","6192.2","6138","6157.2","-48.4","-36.2","25910","3195542.556","16428","",""
"IML.CFX","20231115","6199.2","6165.4","6153.4","6210","6228.4","6171","6193.4","45.8","40","30794","3814600.292","28855","",""
"IML.CFX","20231114","6165.4","6124","6111","6124","6179.2","6111.4","6153.4","54.4","42.4","37346","4594084.732","39007","",""
"IML.CFX","20231113","6124","6066","6065.2","6088.4","6125","6062.4","6111","58.8","45.8","35749","4354537.988","44284","",""
"IML.CFX","20231110","6066","6072.2","6070.4","6050.4","6079.4","6025.2","6065.2","-4.4","-5.2","35815","4334908.604","48280","",""
"IML.CFX","20231109","6072.2","6110.6","6098.6","6102","6146.6","6055.8","6070.4","-26.4","-28.2","38845","4730840.036","53937","",""
"IML.CFX","20231108","6110.6","6098","6107","6097","6138.8","6072.4","6098.6","3.6","-8.4","38629","4718208.888","55049","",""
"IML.CFX","20231107","6098","6085.8","6076.2","6085.6","6128","6057.6","6107","21.8","30.8","32102","3908120.06","54924","",""
"IML.CFX","20231106","6085.8","5958","5967.4","6000.2","6099.8","6000","6076.2","118.4","108.8","39128","4740887.092","56259","",""
"IML.CFX","20231103","5958","5877.4","5883","5888","5995.4","5888","5967.4","75","84.4","44539","5307182.776","60138","",""
"IML.CFX","20231102","5877.4","5936.2","5933.6","5945.6","5969.6","5873.2","5883","-56.2","-50.6","32331","3820799","58022","",""
"IML.CFX","20231101","5936.2","5945","5937.2","5950","5965","5912.8","5933.6","-1","-3.6","31788","3772799.144","56954","",""
"IML.CFX","20231031","5945","5975","5986.2","5975","5989.6","5914.2","5937.2","-41.2","-49","35985","4279528.752","59087","",""
"IML.CFX","20231030","5975","5907","5913.4","5902","6003","5896.8","5986.2","61.6","72.8","38967","4640335.816","60803","",""
"IML.CFX","20231027","5907","5780.8","5774.4","5762.2","5927.4","5748.2","5913.4","132.6","139","50082","5852230.476","61876","",""
"IML.CFX","20231026","5780.8","5739.6","5749.8","5720.4","5804.2","5702","5774.4","31","24.6","42229","4847517.412","64865","",""
"IML.CFX","20231025","5739.6","5675.2","5690.4","5725","5792.8","5725","5749.8","49.2","59.4","35641","4106642.264","61564","",""
"IML.CFX","20231024","5675.2","5602","5603.8","5622.6","5725","5588.8","5690.4","71.4","86.6","52659","5965993.216","68042","",""
"IML.CFX","20231023","5602","5787","5758","5751.4","5751.4","5571.2","5603.8","-156","-154.2","48848","5527033.492","67632","",""
"IML.CFX","20231020","5787","5845.2","5859.4","5823.8","5863","5781.2","5787.77","-72.4","-71.63","18302","2129415.664","0","",""
"IML.CFX","20231019","5845.2","5904.6","5908.8","5884.2","5926.8","5837.6","5859.4","-63.6","-49.4","33707","3965920.568","22835","",""
"IML.CFX","20231018","5904.6","6006.6","5995","5990","5990","5894","5908.8","-90.4","-86.2","37469","4444389.976","36893","",""
"IML.CFX","20231017","6006.6","6013.4","6010.8","6020.2","6024.4","5961","5995","-4.2","-15.8","35111","4204771.964","46652","",""
"IML.CFX","20231016","6013.4","6084.2","6076.6","6090.2","6092","5995","6010.8","-63.2","-65.8","36887","4442582.932","55778","",""
"IML.CFX","20231013","6084.2","6093","6089.8","6069","6085.6","6058.4","6076.6","-5.6","-13.2","24927","3026937.204","55661","",""
"IML.CFX","20231012","6093","6040.4","6041.8","6078","6096.8","6052","6089.8","51.2","48","33395","4058698.248","58148","",""
"IML.CFX","20231011","6040.4","6033.8","6037.4","6059.8","6114.4","6026","6041.8","3","4.4","39897","4841970.84","64663","",""
"IML.CFX","20231010","6033.8","6055","6058.2","6074.2","6094.8","6028.4","6037.4","-24.4","-20.8","29619","3585151.324","63047","",""
"IML.CFX","20231009","6055","6075","6070","6075","6079.6","6017","6058.2","-15","-11.8","36957","4471994.132","68420","",""
"IML.CFX","20230928","6075","6050.2","6059.4","6063.4","6078.4","6045","6070","15.6","10.6","31072","3769403.108","66737","",""
"IML.CFX","20230927","6050.2","6007.2","6010.8","6005","6080","5997.8","6059.4","39.4","48.6","38721","4686482.888","70607","",""
"IML.CFX","20230926","6007.2","6031.4","6026.6","6021.6","6038.2","6000.8","6010.8","-19.4","-15.8","27754","3340186.036","67998","",""
"IML.CFX","20230925","6031.4","6065","6052.2","6055.2","6070","6009.8","6026.6","-20.8","-25.6","34272","4133266.828","68659","",""
"IML.CFX","20230922","6065","5941.8","5946.4","5941.6","6068","5925.2","6052.2","118.6","105.8","52998","6360625.436","76350","",""
"IML.CFX","20230921","5941.8","5987.2","5990.8","5970","6006.2","5928.4","5946.4","-49","-44.4","38129","4545634.1","75442","",""
"IML.CFX","20230920","5987.2","6039.2","6032","6020","6043.8","5985","5990.8","-44.8","-41.2","29923","3599207.876","71440","",""
"IML.CFX","20230919","6039.2","6083.6","6089.2","6078.2","6079.6","6010","6032","-50","-57.2","37431","4515220.532","72024","",""
"IML.CFX","20230918","6083.6","6066.6","6044.6","6040","6107","6019.2","6089.2","39","44.6","45674","5547350.572","72555","",""
"IML.CFX","20230915","6066.6","6077.2","6059.8","6088","6122.4","6047.2","6066.5","6.8","6.7","20135","2447761.64","0","",""
"IML.CFX","20230914","6077.2","6094","6070.8","6093","6093.6","6031.2","6059.8","6.4","-11","38289","4642562.94","25838","",""
"IML.CFX","20230913","6094","6172.2","6175.2","6158","6165.4","6041.4","6070.8","-81.2","-104.4","50989","6216315.16","48936","",""
"IML.CFX","20230912","6172.2","6165","6167.6","6165","6197.4","6153.4","6175.2","4.6","7.6","38208","4718519.156","61161","",""
"IML.CFX","20230911","6165","6075.4","6092","6093","6198.2","6058","6167.6","73","75.6","53983","6631058.872","78322","",""
"IML.CFX","20230908","6075.4","6077.2","6083","6050.4","6111","6050.4","6092","-7.6","9","41430","5042914.816","82315","",""
"IML.CFX","20230907","6077.2","6178.8","6187","6160","6170.8","6068","6083","-109.8","-104","49425","6044815.808","90160","",""
"IML.CFX","20230906","6178.8","6162.2","6154.6","6145","6207","6096.4","6187","24.2","32.4","40919","5039015.512","93733","",""
"IML.CFX","20230905","6162.2","6198","6180.6","6190","6208.8","6143","6154.6","-18.4","-26","37506","4627789.596","93238","",""
"IML.CFX","20230904","6198","6103","6097.6","6130","6198","6100.2","6180.6","100.4","83","49221","6056733.188","102622","",""
"IML.CFX","20230901","6103","6110.6","6106.2","6123.4","6148.8","6081.8","6097.6","-3.2","-8.6","37772","4614741.42","101705","",""
"IML.CFX","20230831","6110.6","6128.2","6139.6","6124.4","6138.8","6081.6","6106.2","-29","-33.4","44355","5417771.14","105451","",""
"IML.CFX","20230830","6128.2","6099.2","6102","6121","6203.6","6103","6139.6","26.2","37.6","59262","7289178.908","108927","",""
"IML.CFX","20230829","6099.2","5907.6","5921.2","5908","6143.8","5904.8","6102","178","180.8","76913","9311491.888","116174","",""
"IML.CFX","20230828","5907.6","5881.8","5878.4","6230","6230","5888.2","5921.2","29.2","42.8","74218","8972894.176","114864","",""
"IML.CFX","20230825","5881.8","5977.6","5993","5950","5986.2","5851","5878.4","-111.2","-114.6","60560","7171935.668","118272","",""
"IML.CFX","20230824","5977.6","5974.8","5985.2","6003.2","6051.6","5948","5993","-7.6","7.8","48013","5757207.112","114480","",""
"IML.CFX","20230823","5974.8","6084","6070.6","6071.2","6075","5955.6","5985.2","-95.8","-85.4","46053","5540150.824","114016","",""
"IML.CFX","20230822","6084","6053.8","6074.2","6093.8","6108.8","5973","6070.6","9.8","-3.6","56411","6832177.076","117360","",""
"IML.CFX","20230821","6053.8","6162.2","6151.2","6119.4","6169.6","5910.4","6074.2","-97.4","-77","49495","6059980.208","115780","",""
"IML.CFX","20230818","6162.2","6243.8","6243.4","6251.4","6263","6158.8","6162.5","-81.2","-80.9","15168","1885181.664","0","",""
"IML.CFX","20230817","6243.8","6188.6","6204.4","6181","6273","6130.8","6243.4","39.4","39","28075","3484516.46","20815","",""
"IML.CFX","20230816","6188.6","6268.2","6255","6245","6263.4","6188.6","6204.4","-66.4","-50.6","28738","3579828.008","31415","",""
"IML.CFX","20230815","6268.2","6323.2","6310.2","6336","6336.4","6204.8","6255","-42","-55.2","35306","4422252.288","40790","",""
"IML.CFX","20230814","6323.2","6304","6319.2","6246","6329.8","6212.8","6310.2","4","-9","36541","4581451.92","47593","",""
"IML.CFX","20230811","6304","6424.6","6425.8","6431.8","6435.8","6301.6","6319.2","-121.8","-106.6","32185","4095878.928","50054","",""
"IML.CFX","20230810","6424.6","6433.2","6433.4","6423","6453.8","6397.4","6425.8","-8.8","-7.6","25321","3255672.704","50230","",""
"IML.CFX","20230809","6433.2","6484.8","6482","6457","6480","6423.4","6433.4","-48.8","-48.6","24391","3147288.864","50170","",""
"IML.CFX","20230808","6484.8","6515.6","6509.4","6502.4","6514.2","6456.2","6482","-24.6","-27.4","28508","3695998.052","53525","",""
"IML.CFX","20230807","6515.6","6534.6","6541.2","6525.2","6549","6501","6509.4","-25.6","-31.8","25260","3292982.152","52722","",""
"IML.CFX","20230804","6534.6","6495.6","6488.8","6520.6","6576","6503.8","6541.2","45.8","52.4","36472","4772647.1","57118","",""
"IML.CFX","20230803","6495.6","6495.8","6486","6476.4","6500","6457.4","6488.8","9.6","2.8","26270","3405941.304","53865","",""
"IML.CFX","20230802","6495.8","6509","6509","6501.6","6522.8","6470","6486","-13.2","-23","27477","3569020.636","55525","",""
"IML.CFX","20230801","6509","6524.6","6518.6","6518.6","6539.6","6497.2","6509","-9.6","-9.6","25933","3380265.256","56027","",""
"IML.CFX","20230731","6524.6","6473.6","6475.8","6495","6576","6486.6","6518.6","48.8","42.8","36386","4754834.708","59432","",""
"IML.CFX","20230728","6473.6","6421","6416","6397.6","6491.2","6380","6475.8","57.6","59.8","36381","4686405.692","59569","",""
"IML.CFX","20230727","6421","6468.4","6460.4","6470.2","6489","6403.6","6416","-39.4","-44.4","25942","3345309.816","56731","",""
"IML.CFX","20230726","6468.4","6497.6","6496.4","6494.8","6495.8","6446.8","6460.4","-28","-36","23883","3090532.38","54432","",""
"IML.CFX","20230725","6497.6","6393.6","6397.2","6477","6513","6455","6496.4","100.4","99.2","33597","4358978.744","56956","",""
"IML.CFX","20230724","6393.6","6396.6","6408","6394","6445.4","6377.8","6397.2","-14.4","-10.8","24661","3162306.888","54618","",""
"IML.CFX","20230721","6396.6","6416.2","6433.6","6413.8","6452.6","6381.8","6398","-37","-35.6","17288","2219631.5","0","",""
"IML.CFX","20230720","6416.2","6501","6491","6539.4","6539.4","6409","6433.6","-74.8","-57.4","28236","3659198.676","21117","",""
"IML.CFX","20230719","6501","6515","6516.8","6510.2","6532.6","6464","6491","-15.8","-25.8","27906","3625610.964","29637","",""
"IML.CFX","20230718","6515","6514.8","6504","6519","6538.2","6482.2","6516.8","11","12.8","28836","3753450.588","38688","",""
"IML.CFX","20230717","6514.8","6541","6549.4","6521.2","6529.8","6474","6504","-34.6","-45.4","27095","3521240.412","44688","",""
"IML.CFX","20230714","6541","6549.6","6549","6562","6571.6","6539","6549.4","-8","0.4","23532","3085257.36","46673","",""
"IML.CFX","20230713","6549.6","6483.8","6492.8","6501.2","6561.2","6501.2","6549","56.8","56.2","33558","4386156.116","53198","",""
"IML.CFX","20230712","6483.8","6571","6568.2","6574.4","6578","6477.8","6492.8","-84.4","-75.4","30497","3981213.508","53020","",""
"IML.CFX","20230711","6571","6520.4","6511","6528.2","6580","6508.4","6568.2","60","57.2","26892","3521319.792","52706","",""
"IML.CFX","20230710","6520.4","6513","6510.6","6538","6551.8","6489.2","6511","9.8","0.4","25605","3339192","52112","",""
"IML.CFX","20230707","6513","6535.6","6541.6","6531.6","6538.8","6468.2","6510.6","-28.6","-31","34158","4442999.9","57063","",""
"IML.CFX","20230706","6535.6","6566.2","6567.8","6557","6606.8","6532","6541.6","-32.2","-26.2","28834","3785562.98","53982","",""
"IML.CFX","20230705","6566.2","6613.4","6605.8","6609.6","6616","6552.8","6567.8","-39.6","-38","25538","3364423.66","54070","",""
"IML.CFX","20230704","6613.4","6583.6","6586.6","6581.6","6614","6580","6605.8","26.8","19.2","19966","2635716.2","53072","",""
"IML.CFX","20230703","6583.6","6575","6574.8","6599","6626","6556.8","6586.6","8.8","11.8","28321","3733589.38","55416","",""
"IML.CFX","20230630","6575","6491.8","6497.4","6481.8","6596","6481.8","6574.8","77.6","77.4","30629","4014814.776","58677","",""
"IML.CFX","20230629","6491.8","6463","6454.8","6453","6510.2","6447","6497.4","37","42.6","30886","4003726.784","59435","",""
"IML.CFX","20230628","6463","6478.4","6484","6478.4","6478.4","6360","6454.8","-21","-29.2","44033","5652023.412","66545","",""
"IML.CFX","20230627","6478.4","6427.2","6419.8","6434","6504.8","6422.8","6484","58.6","64.2","34201","4424527.688","61890","",""
"IML.CFX","20230626","6427.2","6525.2","6545.4","6499","6519.2","6402","6419.8","-118.2","-125.6","44330","5723190.504","65924","",""
"IML.CFX","20230621","6525.2","6652.2","6660","6637.6","6645","6524.8","6545.4","-134.8","-114.6","39072","5139310.256","59666","",""
"IML.CFX","20230620","6652.2","6647.8","6653.8","6638.8","6679","6633.4","6660","-1.6","6.2","23929","3184993.636","53015","",""
"IML.CFX","20230619","6647.8","6665.4","6637.8","6639","6665.6","6635","6653.8","10","16","24948","3319563.044","53244","",""
"IML.CFX","20230616","6665.4","6607.2","6608.6","6607.6","6671.8","6602.2","6665.69","56.8","57.09","16039","2130876.48","0","",""
"IML.CFX","20230615","6607.2","6566.6","6568.2","6579.6","6624.4","6560.2","6608.6","39","40.4","30058","3962232.88","22764","",""
"IML.CFX","20230614","6566.6","6540","6542.2","6545.4","6581.6","6535.2","6568.2","24.4","26","35752","4689066.348","39532","",""
"IML.CFX","20230613","6540","6513.2","6524.2","6503","6552.8","6503","6542.2","15.8","18","30729","4017678.756","49924","",""
"IML.CFX","20230612","6513.2","6484","6481.4","6480","6540.8","6472.2","6524.2","31.8","42.8","37962","4946389.248","61749","",""
"IML.CFX","20230609","6484","6438.4","6432.4","6449.8","6494","6418","6481.4","51.6","49","36363","4695232.66","67406","",""
"IML.CFX","20230608","6438.4","6470.8","6469.4","6470.6","6471","6389.6","6432.4","-31","-37","39186","5040370.04","74478","",""
"IML.CFX","20230607","6470.8","6467.8","6486","6479.8","6512","6456.6","6469.4","-15.2","-16.6","31666","4104993.68","72035","",""
"IML.CFX","20230606","6467.8","6611.8","6615.6","6606","6606","6451","6486","-147.8","-129.6","43241","5655221.124","79589","",""
"IML.CFX","20230605","6611.8","6612.4","6616.8","6620.4","6631.8","6595.6","6615.6","-5","-1.2","24732","3271135.6","79250","",""
"IML.CFX","20230602","6612.4","6567.6","6566.6","6588.8","6635","6580.8","6616.8","45.8","50.2","31483","4163642.532","81837","",""
"IML.CFX","20230601","6567.6","6547","6546.4","6530","6609.2","6510.4","6566.6","21.2","20.2","35493","4664568.224","86226","",""
"IML.CFX","20230531","6547","6558","6545.4","6550","6573.6","6505","6546.4","1.6","1","34785","4550108.4","85351","",""
"IML.CFX","20230530","6558","6525.4","6520.2","6520","6567.6","6454.2","6545.4","37.8","25.2","40319","5249204.664","88984","",""
"IML.CFX","20230529","6525.4","6535.8","6536.2","6553","6578","6494.6","6520.2","-10.8","-16","31583","4127602.188","86931","",""
"IML.CFX","20230526","6535.8","6476.8","6451.8","6470","6552.8","6431","6536.2","84","84.4","39756","5164526.612","87621","",""
"IML.CFX","20230525","6476.8","6497","6515.8","6495","6539.8","6403.4","6451.8","-39","-64","43785","5664552.912","93782","",""
"IML.CFX","20230524","6497","6513","6530.4","6503","6556.8","6467","6515.8","-33.4","-14.6","39161","5099802.36","90114","",""
"IML.CFX","20230523","6513","6578.2","6571.6","6580","6593.4","6511.2","6530.4","-58.6","-41.2","35048","4594859.34","91477","",""
"IML.CFX","20230522","6578.2","6601.2","6586.6","6585.2","6599.6","6531.8","6571.6","-8.4","-15","34161","4487604.52","89487","",""
"IML.CFX","20230519","6601.2","6578.6","6572.8","6569","6624.2","6538.8","6601.2","28.4","28.4","12141","1597483.904","0","",""
"IML.CFX","20230518","6578.6","6544.8","6544","6565","6592.6","6548.2","6572.8","34.6","28.8","20494","2694274.876","15111","",""
"IML.CFX","20230517","6544.8","6519.2","6513.2","6505","6566","6505","6544","31.6","30.8","25640","3352335.18","24501","",""
"IML.CFX","20230516","6519.2","6577.2","6566","6587","6587","6497","6513.2","-46.8","-52.8","27729","3623891.228","31028","",""
"IML.CFX","20230515","6577.2","6538.6","6546","6542.2","6586","6469.2","6566","31.2","20","33402","4360596.74","36453","",""
"IML.CFX","20230512","6538.6","6615.6","6620.2","6604.6","6639.8","6528.8","6546","-81.6","-74.2","29289","3852500.032","42155","",""
"IML.CFX","20230511","6615.6","6624.4","6613.4","6631.4","6655","6612","6620.2","2.2","6.8","21391","2836201.304","41262","",""
"IML.CFX","20230510","6624.4","6613.6","6625.8","6613.8","6658","6580.8","6613.4","-1.4","-12.4","32100","4247970.264","45489","",""
"IML.CFX","20230509","6613.6","6687.8","6695","6687.8","6703.2","6611.6","6625.8","-81.4","-69.2","31285","4167727.408","46862","",""
"IML.CFX","20230508","6687.8","6650","6645.4","6660","6720.6","6657","6695","42.4","49.6","27149","3629567.488","44055","",""
"IML.CFX","20230505","6650","6725.2","6722.2","6722.6","6724.6","6607.8","6645.4","-72.2","-76.8","30332","4033405.184","47530","",""
"IML.CFX","20230504","6725.2","6738.4","6723.2","6723","6747.2","6689","6722.2","2","-1","20870","2804279.908","45667","",""
"IML.CFX","20230428","6738.4","6647.6","6645.2","6650","6743","6647.6","6723.2","93.2","78","30060","4028429.492","48065","",""
"IML.CFX","20230427","6647.6","6629","6632.6","6601.2","6689.2","6601.2","6645.2","15","12.6","35246","4682653.604","53182","",""
"IML.CFX","20230426","6629","6612","6596.6","6596.6","6665","6589.8","6632.6","32.4","36","38586","5118820","51289","",""
"IML.CFX","20230425","6612","6722.2","6708.6","6705","6716.2","6523.4","6596.6","-96.6","-112","43556","5767522.416","55371","",""
"IML.CFX","20230424","6722.2","6813.4","6778.8","6772.8","6775.4","6690.2","6708.6","-56.6","-70.2","33322","4485431.092","45278","",""
"IML.CFX","20230421","6813.4","6955.8","6947.6","6950","6958.4","6808.2","6813.8","-134.2","-133.8","13464","1855456.016","0","",""
"IML.CFX","20230420","6955.8","6955.2","6958.2","6949.8","6963","6915.6","6947.6","-2.4","-10.6","20732","2876553.376","14165","",""
"IML.CFX","20230419","6955.2","6980.2","6985.8","6973.6","7002.2","6945.8","6958.2","-30.6","-27.6","23503","3280293.936","22714","",""
"IML.CFX","20230418","6980.2","7009.6","7005.4","6995","7006.2","6955.4","6985.8","-25.2","-19.6","28580","3990379.46","29928","",""
"IML.CFX","20230417","7009.6","7004.2","7005.2","6999.6","7021.8","6985","7005.4","4.4","0.2","27294","3822773.544","32914","",""
"IML.CFX","20230414","7004.2","6967","6970.4","6978.2","7015.8","6951","7005.2","33.8","34.8","31369","4386373.116","37197","",""
"IML.CFX","20230413","6967","7002.2","7001.2","6995","7011.2","6959","6970.4","-34.2","-30.8","28815","4023808.776","38799","",""
"IML.CFX","20230412","7002.2","6972.4","6967","6979","7012","6970.2","7001.2","35.2","34.2","23347","3265520","36965","",""
"IML.CFX","20230411","6972.4","6971","6968","6981.4","6990.8","6946","6967","4.4","-1","24815","3457118.728","38736","",""
"IML.CFX","20230410","6971","7026.2","7025.2","7038","7047.6","6953.2","6968","-54.2","-57.2","28753","4022278.372","41153","",""
"IML.CFX","20230407","7026.2","6959.4","6954.4","6973","7033.8","6961.4","7025.2","71.8","70.8","24909","3489834.716","38856","",""
"IML.CFX","20230406","6959.4","6950.2","6935.4","6920","6967","6918","6954.4","24","19","23912","3323230.144","40626","",""
"IML.CFX","20230404","6950.2","6940","6944.6","6946.4","6954.8","6907.6","6935.4","5.6","-9.2","24433","3387639.204","41324","",""
"IML.CFX","20230403","6940","6873.8","6866","6885","6959.8","6880","6944.6","74","78.6","27944","3866220.196","44490","",""
"IML.CFX","20230331","6873.8","6821.6","6808.6","6824.2","6875","6813.2","6866","65.2","57.4","25374","3476098.144","43321","",""
"IML.CFX","20230330","6821.6","6806","6803.4","6805","6821.6","6757.6","6808.6","18.2","5.2","30540","4147881.736","47259","",""
"IML.CFX","20230329","6806","6827.4","6822.6","6849","6850","6786.8","6803.4","-16.6","-19.2","25258","3440387.628","44161","",""
"IML.CFX","20230328","6827.4","6860","6863","6849","6861.8","6809","6822.6","-35.6","-40.4","26878","3674096.54","44055","",""
"IML.CFX","20230327","6860","6857","6850.8","6857","6884.8","6815.8","6863","9.2","12.2","27156","3724534.14","44995","",""
"IML.CFX","20230324","6857","6850.4","6844","6854.8","6870","6830","6850.8","13","6.8","21217","2906905.652","43286","",""
"IML.CFX","20230323","6850.4","6825.6","6825","6816","6852.6","6808.8","6844","25.4","19","23663","3232513.412","45485","",""
"IML.CFX","20230322","6825.6","6791.4","6790.8","6811","6841.8","6800.6","6825","34.8","34.2","22846","3118726.392","44365","",""
"IML.CFX","20230321","6791.4","6719.8","6718","6740","6807.8","6731","6790.8","73.4","72.8","30156","4086903.668","47082","",""
"IML.CFX","20230320","6719.8","6748.4","6722.2","6755","6762.4","6687","6718","-2.4","-4.2","31841","4284330.832","49582","",""
"IML.CFX","20230317","6748.4","6706","6707.2","6742.4","6791.2","6726.2","6748.21","41.2","41.01","17456","2358946.204","0","",""
"IML.CFX","20230316","6706","6807.2","6801.6","6777","6791.8","6685.4","6707.2","-95.6","-94.4","31718","4279102.112","21210","",""
"IML.CFX","20230315","6807.2","6775.8","6773.8","6800","6854.8","6786.8","6801.6","33.4","27.8","37688","5143606.724","32853","",""
"IML.CFX","20230314","6775.8","6832.6","6815.6","6820.6","6830.6","6696.4","6773.8","-39.8","-41.8","43522","5888974.9","47626","",""
"IML.CFX","20230313","6832.6","6798.4","6805.8","6792","6838","6744.4","6815.6","26.8","9.8","37275","5063692.3","53070","",""
"IML.CFX","20230310","6798.4","6878.6","6878","6840.8","6863.8","6787.6","6805.8","-79.6","-72.2","38784","5292474.16","59243","",""
"IML.CFX","20230309","6878.6","6871","6865.8","6876","6888.2","6833","6878","12.8","12.2","32424","4453830.272","61128","",""
"IML.CFX","20230308","6871","6846.8","6868","6828","6889.6","6821.8","6865.8","3","-2.2","31970","4387620.156","61834","",""
"IML.CFX","20230307","6846.8","6956.4","6962","6950.8","6963.4","6844.8","6868","-115.2","-94","43995","6077077.128","67075","",""
"IML.CFX","20230306","6956.4","6942","6942.2","6949","6990.8","6902.2","6962","14.2","19.8","31889","4429208","62252","",""
"IML.CFX","20230303","6942","6961.6","6955","6955.2","6992.8","6899.4","6942.2","-13","-12.8","33740","4683562.884","64259","",""
"IML.CFX","20230302","6961.6","6980.6","6975.4","6978","7013.6","6941.6","6955","-13.8","-20.4","30230","4212376.08","64064","",""
"IML.CFX","20230301","6980.6","6937.4","6921.4","6927.4","6984.2","6912.4","6975.4","59.2","54","35047","4874487.836","66106","",""
"IML.CFX","20230228","6937.4","6879.2","6865","6899","6954","6847.6","6921.4","72.4","56.4","35963","4966649.332","69823","",""
"IML.CFX","20230227","6879.2","6928.6","6918.6","6903.2","6922.6","6830.8","6865","-39.4","-53.6","34001","4678765.264","70262","",""
"IML.CFX","20230224","6928.6","6944.8","6923.6","6947","6966.4","6872.6","6918.6","5","-5","31201","4317332.132","69442","",""
"IML.CFX","20230223","6944.8","6968","6959","6968","6987.2","6883.8","6923.6","-14.2","-35.4","34847","4836647.032","72185","",""
"IML.CFX","20230222","6968","6935.2","6928","6916","6989.8","6910.8","6959","40","31","32043","4456662.4","71937","",""
"IML.CFX","20230221","6935.2","6922","6914.4","6925.4","6988.4","6890","6928","20.8","13.6","37792","5247036.696","73671","",""
"IML.CFX","20230220","6922","6884.8","6871.8","6871","6928.8","6796","6914.4","50.2","42.6","45771","6282357.476","74754","",""
"IML.CFX","20230217","6884.8","6929.4","6960.4","6937","6959","6868.2","6884.84","-75.6","-75.56","11924","1648882.628","0","",""
"IML.CFX","20230216","6929.4","7049.8","7046.2","7042","7099.2","6892.6","6960.4","-116.8","-85.8","24242","3407875.392","14963","",""
"IML.CFX","20230215","7049.8","7055.6","7043","7051.4","7071.8","7025.6","7046.2","6.8","3.2","20524","2893656.62","23486","",""
"IML.CFX","20230214","7055.6","7039.6","7032.4","7050.6","7065","7016","7043","23.2","10.6","19802","2788252.14","28634","",""
"IML.CFX","20230213","7039.6","6977.6","6968.6","6968.4","7045","6960.2","7032.4","71","63.8","26143","3670342.1","33371","",""
"IML.CFX","20230210","6977.6","7020.8","7008.8","7009.8","7023.8","6911","6968.6","-31.2","-40.2","34437","4801464.588","37468","",""
"IML.CFX","20230209","7020.8","6865.8","6870","6841","7023","6838.4","7008.8","150.8","138.8","35972","4995047.072","41161","",""
"IML.CFX","20230208","6865.8","6912.8","6894.8","6905.8","6926","6853","6870","-29","-24.8","26376","3632052","37234","",""
"IML.CFX","20230207","6912.8","6893.6","6883","6907.4","6916","6840.8","6894.8","29.8","11.8","31160","4289820.18","40065","",""
"IML.CFX","20230206","6893.6","6920","6914","6892.2","6924.6","6840.2","6883","-20.4","-31","30107","4142676.836","39194","",""
"IML.CFX","20230203","6920","6928","6933.4","6910","6933","6825","6914","-13.4","-19.4","34786","4791756.16","41115","",""
"IML.CFX","20230202","6928","6922.6","6910","6932.6","6983.4","6911.8","6933.4","18","23.4","28541","3964868.24","39990","",""
"IML.CFX","20230201","6922.6","6818","6820","6831","6923","6822.2","6910","102.6","90","26743","3676536.124","41219","",""
"IML.CFX","20230131","6818","6792.8","6800.2","6796.2","6848","6775.6","6820","17.8","19.8","23191","3163837.224","39733","",""
"IML.CFX","20230130","6792.8","6728.2","6764.4","6881.2","6888","6791","6800.2","28.4","35.8","27391","3746023.524","40518","",""
"IML.CFX","20230120","6728.2","6687.4","6679.6","6690","6745.8","6688","6728.24","48.6","48.64","9527","1280623.416","0","",""
"IML.CFX","20230119","6687.4","6621.2","6626","6607.8","6692.8","6587.4","6679.6","61.4","53.6","16681","2216383.692","13167","",""
"IML.CFX","20230118","6621.2","6608.2","6610.2","6620.8","6653.8","6611.4","6626","11","15.8","18132","2403869.1","20699","",""
"IML.CFX","20230117","6608.2","6597.4","6601.8","6606","6646.6","6592.6","6610.2","6.4","8.4","19735","2612444.252","26573","",""
"IML.CFX","20230116","6597.4","6542.4","6516.2","6540","6658.8","6539.8","6601.8","81.2","85.6","31794","4203994.112","31869","",""
"IML.CFX","20230113","6542.4","6492","6500.2","6509.8","6551.8","6481.2","6516.2","42.2","16","24189","3145598.264","33813","",""
"IML.CFX","20230112","6492","6494.4","6496.4","6500","6541.6","6473.8","6500.2","-4.4","3.8","24588","3199349.116","36807","",""
"IML.CFX","20230111","6494.4","6532.2","6535","6539","6562.4","6481","6496.4","-40.6","-38.6","22001","2869672.44","38986","",""
"IML.CFX","20230110","6532.2","6518.2","6528.6","6527","6546.6","6490.2","6535","3.6","6.4","17855","2330765.728","38530","",""
"IML.CFX","20230109","6518.2","6505.2","6498.2","6518.2","6571","6513","6528.6","20","30.4","21905","2865215.264","41037","",""
"IML.CFX","20230106","6505.2","6490.4","6483.8","6487.2","6543.6","6478.2","6498.2","21.4","14.4","23789","3098399.084","42744","",""
"IML.CFX","20230105","6490.4","6414.4","6405.6","6433.8","6494","6408.2","6483.8","84.8","78.2","24379","3151578.436","42369","",""
"IML.CFX","20230104","6414.4","6420","6426","6420","6439","6375","6405.6","-11.6","-20.4","22569","2894694.936","42870","",""
"IML.CFX","20230103","6420","6285.8","6282.8","6280","6442.8","6276","6426","137.2","143.2","29613","3770816.084","46448","",""
"IML.CFX","20221230","6285.8","6269.2","6280.8","6290.2","6304","6261","6282.8","5","2","21902","2752638.98","44071","",""
"IML.CFX","20221229","6269.2","6293.4","6282.8","6279.8","6334.8","6260.8","6280.8","-13.6","-2","27458","3456712.424","46782","",""
"IML.CFX","20221228","6293.4","6336.2","6329.6","6310","6318.4","6263.8","6282.8","-36.2","-46.8","22558","2837555.1","45214","",""
"IML.CFX","20221227","6336.2","6285.2","6288","6305","6339","6265.4","6329.6","48.2","41.6","26878","3389623.148","46652","",""
"IML.CFX","20221226","6285.2","6165.2","6153.2","6172.2","6305.4","6170.2","6288","132","134.8","33311","4173426.78","49953","",""
"IML.CFX","20221223","6165.2","6206","6200.4","6182","6232.2","6130.4","6153.2","-35.2","-47.2","34624","4283857.924","49302","",""
"IML.CFX","20221222","6206","6302.2","6292.2","6327.8","6333.6","6171.2","6200.4","-86.2","-91.8","32221","4032590.404","50546","",""
"IML.CFX","20221221","6302.2","6350.4","6356.6","6356","6369.8","6248.8","6292.2","-54.4","-64.4","30254","3818298.816","46197","",""
"IML.CFX","20221220","6350.4","6417","6398.4","6403","6418.6","6337.6","6356.6","-48","-41.8","31960","4076483.328","47112","",""
"IML.CFX","20221219","6417","6515","6509.4","6524","6553.6","6377.2","6398.4","-92.4","-111","31461","4061864.732","44445","",""
"IML.CFX","20221216","6515","6600.6","6602.6","6581","6597.8","6509.8","6515.43","-87.6","-87.17","14369","1880057.368","0","",""
"IML.CFX","20221215","6600.6","6573.6","6565.4","6564.8","6618.4","6547.6","6602.6","35.2","37.2","23979","3160582.808","15696","",""
"IML.CFX","20221214","6573.6","6604.8","6604.4","6615","6638.4","6551.4","6565.4","-30.8","-39","30053","3966121.944","27501","",""
"IML.CFX","20221213","6604.8","6654.6","6665.8","6659.8","6659.8","6590.6","6604.4","-61","-61.4","27158","3592968.376","36462","",""
"IML.CFX","20221212","6654.6","6684.8","6677.4","6678","6691.6","6614","6665.8","-22.8","-11.6","36779","4895353.028","40334","",""
"IML.CFX","20221209","6684.8","6663.8","6652.8","6666","6699.6","6613.2","6677.4","32","24.6","34377","4583296.744","48640","",""
"IML.CFX","20221208","6663.8","6695.2","6689.6","6701.4","6701.4","6633.8","6652.8","-25.8","-36.8","29056","3873727.796","46919","",""
"IML.CFX","20221207","6695.2","6697.8","6687.2","6689.8","6739","6671.6","6689.6","8","2.4","31060","4166894.104","50646","",""
"IML.CFX","20221206","6697.8","6703","6696","6690.2","6747","6657","6687.2","1.8","-8.8","35502","4758978.156","53057","",""
"IML.CFX","20221205","6703","6681.8","6690.4","6729","6736","6673","6696","12.6","5.6","34433","4616225.368","53712","",""
"IML.CFX","20221202","6681.8","6662","6673","6662.2","6747","6651.2","6690.4","8.8","17.4","30017","4022712.384","53280","",""
"IML.CFX","20221201","6662","6582.8","6572.6","6656","6713.8","6637.8","6673","89.4","100.4","34834","4652778.268","55105","",""
"IML.CFX","20221130","6582.8","6597","6598.8","6600.2","6623","6555.4","6572.6","-16","-26.2","31915","4208863.304","56213","",""
"IML.CFX","20221129","6597","6492","6480.8","6502","6632.8","6501","6598.8","116.2","118","41900","5504064.032","58558","",""
"IML.CFX","20221128","6492","6497","6501.8","6424.2","6500.6","6371.4","6480.8","-9.8","-21","42689","5513260.92","59330","",""
"IML.CFX","20221125","6497","6559.2","6564.6","6545.2","6553.8","6485.8","6501.8","-67.6","-62.8","35966","4685442.768","59535","",""
"IML.CFX","20221124","6559.2","6553.4","6546.6","6570","6595.6","6520.4","6564.6","12.6","18","38327","5029782.032","59758","",""
"IML.CFX","20221123","6553.4","6557.2","6545.6","6563","6584","6422.2","6546.6","7.8","1","49857","6493367.992","62214","",""
"IML.CFX","20221122","6557.2","6685","6685.4","6674","6686.8","6514.4","6545.6","-128.2","-139.8","51946","6865471.664","65524","",""
"IML.CFX","20221121","6685","6699.4","6664.4","6606.2","6695.8","6581.2","6685.4","20.6","21","39569","5260086.972","63153","",""
"IML.CFX","20221118","6699.4","6715.2","6691.2","6740.2","6760.6","6698","6699.69","8.2","8.49","11336","1524921.724","0","",""
"IML.CFX","20221117","6715.2","6698.2","6702","6682.4","6722","6634","6691.2","13.2","-10.8","20540","2736885.84","13082","",""
"IML.CFX","20221116","6698.2","6753","6738","6747.8","6774.6","6691.6","6702","-39.8","-36","23921","3219096.976","20940","",""
"IML.CFX","20221115","6753","6592.2","6588","6595","6753.2","6582.6","6738","165","150","33028","4419326.792","29552","",""
"IML.CFX","20221114","6592.2","6645","6685.8","6668","6714","6565.6","6588","-93.6","-97.8","36933","4903251.828","35029","",""
"IML.CFX","20221111","6645","6616","6619.2","6800","6811.6","6641.8","6685.8","25.8","66.6","45127","6066914.2","41806","",""
"IML.CFX","20221110","6616","6674.8","6683.2","6638","6667","6584","6619.2","-67.2","-64","33758","4471875.36","39501","",""
"IML.CFX","20221109","6674.8","6707.6","6688.4","6700.4","6748","6660","6683.2","-13.6","-5.2","29093","3894937.928","41426","",""
"IML.CFX","20221108","6707.6","6711.8","6717","6045.4","6717.8","6045.4","6688.4","-9.4","-28.6","28811","3845450.376","41036","",""
"IML.CFX","20221107","6711.8","6746.6","6731.2","6731.4","6777","6661","6717","-19.4","-14.2","37120","4990427.448","44441","",""
"IML.CFX","20221104","6746.6","6563.4","6567.2","6588","6750.8","6564.2","6731.2","179.4","164","43107","5750893.82","45654","",""
"IML.CFX","20221103","6563.4","6532","6528.8","6493","6589","6493","6567.2","34.6","38.4","33815","4428720.4","44664","",""
"IML.CFX","20221102","6532","6471","6429.8","6459","6561.8","6447","6528.8","102.2","99","35874","4668682.276","42370","",""
"IML.CFX","20221101","6471","6286.6","6274.2","6317","6471","6271.4","6429.8","196.8","155.6","50479","6430701.94","47333","",""
"IML.CFX","20221031","6286.6","6224.2","6250.8","6203","6360","6185.4","6274.2","35.8","23.4","48429","6078570.012","45610","",""
"IML.CFX","20221028","6224.2","6473","6484.8","6426.2","6462.6","6202","6250.8","-260.6","-234","51221","6495659.512","49201","",""
"IML.CFX","20221027","6473","6500.6","6476.2","6534.2","6560","6453","6484.8","-3.2","8.6","42741","5564353.28","44611","",""
"IML.CFX","20221026","6500.6","6340.8","6342.4","6348.2","6578","6336.2","6476.2","158.2","133.8","59542","7713528.988","46450","",""
"IML.CFX","20221025","6340.8","6360","6332.2","6340","6389","6212.4","6342.4","8.6","10.2","51852","6536715.272","43255","",""
"IML.CFX","20221024","6360","6440","6368.6","6370","6554.4","6267","6332.2","-8.6","-36.4","52094","6678209.824","42297","",""
"IML.CFX","20221021","6440","6445.8","6443.4","6431.2","6490.4","6389.8","6440.08","-3.4","-3.32","13513","1740530.064","0","",""
"IML.CFX","20221020","6445.8","6462.4","6470.8","6435.2","6543.8","6328.6","6443.4","-25","-27.4","28712","3684800.26","16423","",""
"IML.CFX","20221019","6462.4","6497.2","6491.4","6477","6545","6452.4","6470.8","-29","-20.6","29061","3774519.34","23707","",""
"IML.CFX","20221018","6497.2","6448","6466.6","6466","6547.8","6432.4","6491.4","30.6","24.8","30270","3927695.308","29775","",""
"IML.CFX","20221017","6448","6418","6411","6400","6487.4","6396.8","6466.6","37","55.6","31880","4103904.548","33532","",""
"IML.CFX","20221014","6418","6242.4","6245","6300","6437.4","6273.2","6411","173","166","39202","4992679.952","36866","",""
"IML.CFX","20221013","6242.4","6169.2","6135","6147.6","6305","6142.2","6245","107.4","110","39115","4879451.224","39171","",""
"IML.CFX","20221012","6169.2","5994.2","5996.6","5985.6","6182.4","5895.2","6135","172.6","138.4","51182","6153605.972","42940","",""
"IML.CFX","20221011","5994.2","5976","5978","5990","6030","5935","5996.6","16.2","18.6","35293","4226661.204","41560","",""
"IML.CFX","20221010","5976","6103","6122.4","6121.6","6142.8","5941.4","5978","-146.4","-144.4","35148","4254952.28","40822","",""
"IML.CFX","20220930","6103","6232.4","6215","6242","6247.4","6098.2","6122.4","-112","-92.6","42514","5241919.696","42279","",""
"IML.CFX","20220929","6232.4","6202.6","6240.2","6275","6308","6180.2","6215","-7.8","-25.2","44555","5575074.264","44324","",""
"IML.CFX","20220928","6202.6","6398.8","6377.4","6380.2","6393.2","6201.2","6240.2","-174.8","-137.2","48495","6095802.144","46383","",""
"IML.CFX","20220927","6398.8","6255","6273.8","6289","6405","6270.8","6377.4","125","103.6","41677","5276117.136","42452","",""
"IML.CFX","20220926","6255","6323.4","6333.4","6288","6391","6251.2","6273.8","-78.4","-59.6","41247","5207610.46","43783","",""
"IML.CFX","20220923","6323.4","6435.8","6438.4","6437","6458.8","6246","6333.4","-115","-105","55619","7059107.204","47752","",""
"IML.CFX","20220922","6435.8","6412.6","6424.4","6373.4","6506.8","6368","6438.4","11.4","14","40306","5194304.696","41743","",""
"IML.CFX","20220921","6412.6","6388.8","6372.2","6368","6447.6","6303","6424.4","40.4","52.2","39329","5021705.036","43368","",""
"IML.CFX","20220920","6388.8","6298.2","6298.2","6361","6464.8","6343","6372.2","90.6","74","37253","4763512.108","42171","",""
"IML.CFX","20220919","6298.2","6529.4","6397","6373","6428.2","6257","6298.2","-98.8","-98.8","41542","5264942.212","44209","",""
"IML.CFX","20220916","6529.4","6596.4","6575.4","6588","6629.6","6521.2","6530.27","-46","-45.13","15795","2079537.552","0","",""
"IML.CFX","20220915","6596.4","6826","6822.4","6855.4","6860","6524.4","6575.4","-226","-247","29581","3951968.024","17024","",""
"IML.CFX","20220914","6826","6891.4","6888","6810","6851","6784.8","6822.4","-62","-65.6","27940","3810974.796","26703","",""
"IML.CFX","20220913","6891.4","6913","6910.2","6935.2","6957.6","6872","6888","-18.8","-22.2","26519","3663050.78","30839","",""
"IML.CFX","20220909","6913","6874.4","6875.6","6893","6918.8","6836.2","6910.2","37.4","34.6","31079","4279104.9","35762","",""
"IML.CFX","20220908","6874.4","6920.2","6917.8","6921.4","6944.8","6864","6875.6","-43.4","-42.2","24336","3357229.124","36622","",""
"IML.CFX","20220907","6920.2","6879.8","6865.8","6851","6954","6851","6917.8","54.4","52","27172","3756898.912","37445","",""
"IML.CFX","20220906","6879.8","6747.2","6738.2","6770","6885","6738","6865.8","141.6","127.6","33895","4623011.16","40847","",""
"IML.CFX","20220905","6747.2","6730.2","6725.4","6726.4","6810.8","6691.8","6738.2","21.8","12.8","30586","4127307.196","38945","",""
"IML.CFX","20220902","6730.2","6682.6","6679.2","6706.4","6773.4","6669.8","6725.4","51","46.2","34760","4676257.676","42659","",""
"IML.CFX","20220901","6682.6","6710.2","6731","6720","6787.2","6649.8","6679.2","-48.4","-51.8","38108","5123213.628","43659","",""
"IML.CFX","20220831","6710.2","6941","6932.4","6918.4","6931.8","6699","6731","-222.2","-201.4","47768","6488065.436","48827","",""
"IML.CFX","20220830","6941","6950","6953.8","6954.2","6965.4","6887.2","6932.4","-12.8","-21.4","30897","4282591.004","43960","",""
"IML.CFX","20220829","6950","6911.6","6911.6","6810","6979","6805","6953.8","38.4","42.2","35892","4968113.752","45432","",""
"IML.CFX","20220826","6911.6","6940.4","6913.8","6968.6","7032","6886.4","6911.6","-2.2","-2.2","34552","4814301.016","44639","",""
"IML.CFX","20220825","6940.4","6969.8","6977.6","6995","6999","6865","6913.8","-37.2","-63.8","40047","5549828.52","44392","",""
"IML.CFX","20220824","6969.8","7253.6","7241","7263","7277","6951.4","6977.6","-271.2","-263.4","43723","6184552.752","45038","",""
"IML.CFX","20220823","7253.6","7232.4","7239.4","7224","7259.8","7208.6","7241","14.2","1.6","25221","3649923.02","40321","",""
"IML.CFX","20220822","7232.4","7277.8","7203.2","7179.8","7252.8","7119.4","7239.4","29.2","36.2","27615","3975629.24","41665","",""
"IML.CFX","20220819","7277.8","7358.8","7352","7350.2","7377.8","7272.4","7277.46","-74.2","-74.54","8968","1311762.324","0","",""
"IML.CFX","20220818","7358.8","7327.6","7325.8","7320","7370.4","7303","7352","33","26.2","14405","2112073.424","10606","",""
"IML.CFX","20220817","7327.6","7311","7305.6","7317","7346.4","7263.8","7325.8","22","20.2","18274","2671222.644","17086","",""
"IML.CFX","20220816","7311","7266","7262.4","7275","7361.4","7257.2","7305.6","48.6","43.2","21099","3085633.892","20891","",""
"IML.CFX","20220815","7266","7222.4","7228.8","7210","7297.6","7206","7262.4","37.2","33.6","20698","3004605.308","23063","",""
"IML.CFX","20220812","7222.4","7284.8","7278.6","7275","7306","7205.4","7228.8","-56.2","-49.8","19678","2857735.04","23573","",""
"IML.CFX","20220811","7284.8","7168.4","7158.2","7201.4","7287.6","7179.6","7278.6","126.6","120.4","22671","3283346.204","24871","",""
"IML.CFX","20220810","7168.4","7160.6","7154.4","7138","7202","7130","7158.2","14","3.8","21848","3132424.456","26391","",""
"IML.CFX","20220809","7160.6","7132.2","7130.6","7120","7164.8","7084.4","7154.4","30","23.8","18871","2690369.828","25359","",""
"IML.CFX","20220808","7132.2","7080","7051.4","7060","7145","7039.6","7130.6","80.8","79.2","20853","2959627.7","26514","",""
"IML.CFX","20220805","7080","6890.8","6872","6903.4","7080.8","6903.4","7051.4","208","179.4","31492","4399359.616","28786","",""
"IML.CFX","20220804","6890.8","6882.8","6914.6","6933","6942.8","6778.2","6872","-23.8","-42.6","35394","4861552.848","30899","",""
"IML.CFX","20220803","6882.8","6948.2","6975.4","6990","7062","6860.8","6914.6","-92.6","-60.8","32325","4520482.06","29243","",""
"IML.CFX","20220802","6948.2","7136.6","7130","7070","7075","6820.4","6975.4","-181.8","-154.6","37753","5245061.592","31769","",""
"IML.CFX","20220801","7136.6","7087","7090.2","7070.2","7141","7004.4","7130","46.4","39.8","22084","3130993.02","24149","",""
"IML.CFX","20220729","7087","7119","7112.4","7130","7152","7068","7090.2","-25.4","-22.2","25025","3556014.512","25557","",""
"IML.CFX","20220728","7119","7066.2","7059.4","7110","7171.4","7072.4","7112.4","59.6","53","22464","3199380.992","24584","",""
"IML.CFX","20220727","7066.2","6991","6964.4","6982","7074.4","6965.2","7059.4","101.8","95","19290","2711399.276","21390","",""
"IML.CFX","20220726","6991","6878.6","6885.8","6898","6994","6844.8","6964.4","105.2","78.6","19269","2671200.584","20386","",""
"IML.CFX","20220725","6878.6","6956.6","6934.2","6974.2","7015.8","6850","6885.8","-55.6","-48.4","22883","3169970.476","18747","",""
"IML.CFX","20220722","6956.6","","7018.8","7050","7085.2","6857","6934.2","-62.2","-84.6","22153","3091913.32","17517","",""